{
    "viaduct_25 reinforcing sleeve": {
        "image_auroc": 0.48545454545454547,
        "pixel_ap": 0.008083234064672429,
        "normal_count": 50,
        "anomaly_count": 11
    },
    "mpdd_bracket_white": {
        "image_auroc": 0.4766666666666667,
        "pixel_ap": 0.004200150761968668,
        "normal_count": 30,
        "anomaly_count": 20
    },
    "viaduct_16 vibration sensor": {
        "image_auroc": 0.587,
        "pixel_ap": 0.006025160890837472,
        "normal_count": 50,
        "anomaly_count": 20
    },
    "viaduct_43 paperclip": {
        "image_auroc": 0.3851370851370851,
        "pixel_ap": 0.03849235757468013,
        "normal_count": 110,
        "anomaly_count": 63
    },
    "viaduct_32 bone pliers": {
        "image_auroc": 0.6114114114114114,
        "pixel_ap": 0.0028033342326740365,
        "normal_count": 185,
        "anomaly_count": 63
    },
    "viaduct_38 round pill": {
        "image_auroc": 0.46829268292682924,
        "pixel_ap": 0.17369001291464745,
        "normal_count": 50,
        "anomaly_count": 82
    },
    "viaduct_31 valve handle red": {
        "image_auroc": 0.5486111111111112,
        "pixel_ap": 0.005206929478445683,
        "normal_count": 45,
        "anomaly_count": 16
    },
    "viaduct_44 tack": {
        "image_auroc": 0.5168339416058394,
        "pixel_ap": 0.0667398009571836,
        "normal_count": 160,
        "anomaly_count": 137
    },
    "real_iad_pcb": {
        "image_auroc": 0.5357777270991746,
        "pixel_ap": 0.0053046049596085975,
        "normal_count": 2711,
        "anomaly_count": 2279
    },
    "real_iad_mounts": {
        "image_auroc": 0.6138831053549694,
        "pixel_ap": 0.027677969041590807,
        "normal_count": 3702,
        "anomaly_count": 1328
    }
}