{
    "mvtec_cable": {
        "image_auroc": 0.6063919259882254,
        "pixel_ap": 0.07371077354976716,
        "normal_count": 58,
        "anomaly_count": 82
    },
    "visa_fryum": {
        "image_auroc": 0.44866666666666666,
        "pixel_ap": 0.10344604521797368,
        "normal_count": 50,
        "anomaly_count": 90
    },
    "viaduct_27 L-fitting": {
        "image_auroc": 0.46,
        "pixel_ap": 0.004222532466975459,
        "normal_count": 50,
        "anomaly_count": 16
    },
    "real_iad_fire_hood": {
        "image_auroc": 0.6196749200790047,
        "pixel_ap": 0.06397914720916124,
        "normal_count": 3665,
        "anomaly_count": 1340
    },
    "real_iad_transistor1": {
        "image_auroc": 0.591066920782349,
        "pixel_ap": 0.01704812275371089,
        "normal_count": 2873,
        "anomaly_count": 2107
    }
}