{
    "continual_ad_Cucumber": {
        "image_auroc": 0.4069951373835608,
        "pixel_ap": 0.01686254918595319,
        "normal_count": 505,
        "anomaly_count": 507
    },
    "continual_ad_Spoon": {
        "image_auroc": 0.5587115859633927,
        "pixel_ap": 0.005759203272165379,
        "normal_count": 527,
        "anomaly_count": 517
    },
    "continual_ad_Apple": {
        "image_auroc": 0.378481990405724,
        "pixel_ap": 0.04732009227573896,
        "normal_count": 490,
        "anomaly_count": 502
    },
    "continual_ad_Kleenex": {
        "image_auroc": 0.5367734425176622,
        "pixel_ap": 0.029887605435576663,
        "normal_count": 480,
        "anomaly_count": 519
    },
    "continual_ad_Glasses-case": {
        "image_auroc": 0.47478812866071135,
        "pixel_ap": 0.027432816839214894,
        "normal_count": 501,
        "anomaly_count": 549
    },
    "continual_ad_Toothbrush": {
        "image_auroc": 0.3856867030965392,
        "pixel_ap": 0.007512629105613425,
        "normal_count": 500,
        "anomaly_count": 549
    },
    "continual_ad_Soap": {
        "image_auroc": 0.507964125155606,
        "pixel_ap": 0.033632922370689655,
        "normal_count": 394,
        "anomaly_count": 787
    },
    "continual_ad_Notebook": {
        "image_auroc": 0.5319214546095308,
        "pixel_ap": 0.04772543098131127,
        "normal_count": 354,
        "anomaly_count": 513
    },
    "continual_ad_Capsule": {
        "image_auroc": 0.561278010490056,
        "pixel_ap": 0.047428155461903515,
        "normal_count": 507,
        "anomaly_count": 493
    },
    "continual_ad_Sunglasses": {
        "image_auroc": 0.5326895048838937,
        "pixel_ap": 0.03366517019569393,
        "normal_count": 499,
        "anomaly_count": 572
    },
    "continual_ad_Pencil": {
        "image_auroc": 0.41609971397205436,
        "pixel_ap": 0.005335102182829588,
        "normal_count": 518,
        "anomaly_count": 517
    },
    "continual_ad_Food-container": {
        "image_auroc": 0.4047781972628598,
        "pixel_ap": 0.04500826769718895,
        "normal_count": 520,
        "anomaly_count": 489
    },
    "continual_ad_Chopsticks": {
        "image_auroc": 0.4975167375797773,
        "pixel_ap": 0.013271096791112113,
        "normal_count": 488,
        "anomaly_count": 524
    },
    "continual_ad_Toy": {
        "image_auroc": 0.5622293655001768,
        "pixel_ap": 0.012329297678223267,
        "normal_count": 368,
        "anomaly_count": 492
    },
    "continual_ad_Multi-pen": {
        "image_auroc": 0.481756690036536,
        "pixel_ap": 0.009389157662184457,
        "normal_count": 494,
        "anomaly_count": 492
    },
    "viaduct_09 joystick": {
        "image_auroc": 0.46266416510318953,
        "pixel_ap": 0.01063304935143592,
        "normal_count": 65,
        "anomaly_count": 41
    },
    "viaduct_01 shredded corn medium": {
        "image_auroc": 0.7469132290184921,
        "pixel_ap": 0.1611293454775194,
        "normal_count": 185,
        "anomaly_count": 95
    },
    "viaduct_46 damper small": {
        "image_auroc": 0.46762820512820513,
        "pixel_ap": 0.0791897490058025,
        "normal_count": 65,
        "anomaly_count": 48
    },
    "viaduct_18 raspberry": {
        "image_auroc": 0.44152661064425774,
        "pixel_ap": 0.07058965343404434,
        "normal_count": 170,
        "anomaly_count": 84
    },
    "viaduct_16 vibration sensor": {
        "image_auroc": 0.662,
        "pixel_ap": 0.006026458152408087,
        "normal_count": 50,
        "anomaly_count": 20
    },
    "viaduct_36 redon needle": {
        "image_auroc": 0.5962081128747796,
        "pixel_ap": 0.011704791746873902,
        "normal_count": 180,
        "anomaly_count": 63
    },
    "viaduct_00 shredded corn rough": {
        "image_auroc": 0.6378846153846155,
        "pixel_ap": 0.12525154492330157,
        "normal_count": 80,
        "anomaly_count": 130
    },
    "viaduct_44 tack": {
        "image_auroc": 0.48558394160583934,
        "pixel_ap": 0.06412843076588345,
        "normal_count": 160,
        "anomaly_count": 137
    },
    "viaduct_06 coaxial t-adapter": {
        "image_auroc": 0.39659863945578233,
        "pixel_ap": 0.009052858504913858,
        "normal_count": 105,
        "anomaly_count": 14
    },
    "viaduct_31 valve handle red": {
        "image_auroc": 0.5166666666666666,
        "pixel_ap": 0.005376899908652363,
        "normal_count": 45,
        "anomaly_count": 16
    },
    "viaduct_04 battery tray": {
        "image_auroc": 0.6256410256410256,
        "pixel_ap": 0.0023105043459379928,
        "normal_count": 65,
        "anomaly_count": 30
    },
    "viaduct_29 threaded fitting": {
        "image_auroc": 0.49498207885304657,
        "pixel_ap": 0.010418455925369528,
        "normal_count": 90,
        "anomaly_count": 62
    },
    "viaduct_03 3-pole socket housing": {
        "image_auroc": 0.5367028493894166,
        "pixel_ap": 0.0458021061983897,
        "normal_count": 110,
        "anomaly_count": 134
    },
    "viaduct_33 drill": {
        "image_auroc": 0.5435587761674718,
        "pixel_ap": 0.013360104247402303,
        "normal_count": 180,
        "anomaly_count": 138
    },
    "viaduct_15 terminal block B": {
        "image_auroc": 0.5113846153846154,
        "pixel_ap": 0.004261221503416913,
        "normal_count": 65,
        "anomaly_count": 50
    },
    "viaduct_17 cherry": {
        "image_auroc": 0.5058116883116883,
        "pixel_ap": 0.008356719001905183,
        "normal_count": 275,
        "anomaly_count": 112
    },
    "viaduct_21 cylinder screw": {
        "image_auroc": 0.5487373737373737,
        "pixel_ap": 0.006154839044995854,
        "normal_count": 180,
        "anomaly_count": 22
    },
    "viaduct_32 bone pliers": {
        "image_auroc": 0.5186615186615187,
        "pixel_ap": 0.0035164936384865383,
        "normal_count": 185,
        "anomaly_count": 63
    },
    "viaduct_42 aluminium plate": {
        "image_auroc": 0.5536666666666666,
        "pixel_ap": 0.02869959792753855,
        "normal_count": 20,
        "anomaly_count": 150
    },
    "viaduct_10 PCB": {
        "image_auroc": 0.4657777777777778,
        "pixel_ap": 0.008413084420623732,
        "normal_count": 50,
        "anomaly_count": 45
    },
    "viaduct_19 strawberry": {
        "image_auroc": 0.36046560846560843,
        "pixel_ap": 0.08912420994171978,
        "normal_count": 175,
        "anomaly_count": 135
    },
    "viaduct_37 retractor": {
        "image_auroc": 0.5191452991452992,
        "pixel_ap": 0.015526342848151473,
        "normal_count": 180,
        "anomaly_count": 65
    },
    "viaduct_25 reinforcing sleeve": {
        "image_auroc": 0.5236363636363637,
        "pixel_ap": 0.00988328721010217,
        "normal_count": 50,
        "anomaly_count": 11
    },
    "viaduct_35 pink tablet": {
        "image_auroc": 0.5876666666666667,
        "pixel_ap": 0.14530307577692414,
        "normal_count": 50,
        "anomaly_count": 60
    },
    "btad_02": {
        "image_auroc": 0.8094736842105262,
        "pixel_ap": 0.15623410523137207,
        "normal_count": 30,
        "anomaly_count": 190
    },
    "mpdd_bracket_black": {
        "image_auroc": 0.4856418918918919,
        "pixel_ap": 0.006352233099234815,
        "normal_count": 32,
        "anomaly_count": 37
    },
    "mpdd_metal_plate": {
        "image_auroc": 0.34363177805800754,
        "pixel_ap": 0.2091154339206428,
        "normal_count": 26,
        "anomaly_count": 61
    },
    "mpdd_bracket_white": {
        "image_auroc": 0.4166666666666667,
        "pixel_ap": 0.002651571254876081,
        "normal_count": 30,
        "anomaly_count": 20
    },
    "real_iad_end_cap": {
        "image_auroc": 0.4786988668005916,
        "pixel_ap": 0.004008344450038789,
        "normal_count": 2817,
        "anomaly_count": 2173
    },