{
    "continual_ad_Cucumber": {
        "image_auroc": 0.43514363270646594,
        "pixel_ap": 0.01788414251044799,
        "normal_count": 505,
        "anomaly_count": 507
    },
    "continual_ad_Spoon": {
        "image_auroc": 0.5800046979545547,
        "pixel_ap": 0.006123447247003046,
        "normal_count": 527,
        "anomaly_count": 517
    },
    "continual_ad_Apple": {
        "image_auroc": 0.3888283600292707,
        "pixel_ap": 0.05807440022785073,
        "normal_count": 490,
        "anomaly_count": 502
    },
    "continual_ad_Kleenex": {
        "image_auroc": 0.6296323057161208,
        "pixel_ap": 0.0317293596782553,
        "normal_count": 480,
        "anomaly_count": 519
    },
    "continual_ad_Glasses-case": {
        "image_auroc": 0.4575293856730982,
        "pixel_ap": 0.032417138606405355,
        "normal_count": 501,
        "anomaly_count": 549
    },
    "continual_ad_Toothbrush": {
        "image_auroc": 0.3717012750455373,
        "pixel_ap": 0.007154081244190683,
        "normal_count": 500,
        "anomaly_count": 549
    },
    "continual_ad_Soap": {
        "image_auroc": 0.5468946523132889,
        "pixel_ap": 0.031193441756827773,
        "normal_count": 394,
        "anomaly_count": 787
    },
    "continual_ad_Notebook": {
        "image_auroc": 0.5524278366978338,
        "pixel_ap": 0.040222394167678574,
        "normal_count": 354,
        "anomaly_count": 513
    },
    "continual_ad_Capsule": {
        "image_auroc": 0.47096830978871856,
        "pixel_ap": 0.04132352413117594,
        "normal_count": 507,
        "anomaly_count": 493
    },
    "continual_ad_Sunglasses": {
        "image_auroc": 0.5168378715472903,
        "pixel_ap": 0.03433801538004611,
        "normal_count": 499,
        "anomaly_count": 572
    },
    "continual_ad_Pencil": {
        "image_auroc": 0.3957043531511616,
        "pixel_ap": 0.005290123529358491,
        "normal_count": 518,
        "anomaly_count": 517
    },
    "continual_ad_Food-container": {
        "image_auroc": 0.40052304546169576,
        "pixel_ap": 0.04589919482038537,
        "normal_count": 520,
        "anomaly_count": 489
    },
    "continual_ad_Chopsticks": {
        "image_auroc": 0.5071995056939056,
        "pixel_ap": 0.014187391508384767,
        "normal_count": 488,
        "anomaly_count": 524
    },
    "continual_ad_Toy": {
        "image_auroc": 0.5052193796394486,
        "pixel_ap": 0.01387343545814167,
        "normal_count": 368,
        "anomaly_count": 492
    },
    "continual_ad_Multi-pen": {
        "image_auroc": 0.5172270498008623,
        "pixel_ap": 0.01000537219205892,
        "normal_count": 494,
        "anomaly_count": 492
    },
    "viaduct_09 joystick": {
        "image_auroc": 0.43602251407129455,
        "pixel_ap": 0.011524475186282414,
        "normal_count": 65,
        "anomaly_count": 41
    },
    "viaduct_01 shredded corn medium": {
        "image_auroc": 0.7324039829302988,
        "pixel_ap": 0.14201650652252248,
        "normal_count": 185,
        "anomaly_count": 95
    },
    "viaduct_46 damper small": {
        "image_auroc": 0.4705128205128205,
        "pixel_ap": 0.07349618850991112,
        "normal_count": 65,
        "anomaly_count": 48
    },
    "viaduct_18 raspberry": {
        "image_auroc": 0.4607843137254901,
        "pixel_ap": 0.06759840832596244,
        "normal_count": 170,
        "anomaly_count": 84
    },
    "viaduct_16 vibration sensor": {
        "image_auroc": 0.64,
        "pixel_ap": 0.006061168744579227,
        "normal_count": 50,
        "anomaly_count": 20
    },
    "viaduct_36 redon needle": {
        "image_auroc": 0.5564373897707231,
        "pixel_ap": 0.0068951376844448775,
        "normal_count": 180,
        "anomaly_count": 63
    },
    "viaduct_00 shredded corn rough": {
        "image_auroc": 0.6200961538461539,
        "pixel_ap": 0.10752339795269918,
        "normal_count": 80,
        "anomaly_count": 130
    },
    "viaduct_44 tack": {
        "image_auroc": 0.5392335766423358,
        "pixel_ap": 0.06732010884771573,
        "normal_count": 160,
        "anomaly_count": 137
    },
    "viaduct_06 coaxial t-adapter": {
        "image_auroc": 0.5054421768707483,
        "pixel_ap": 0.01180105914863705,
        "normal_count": 105,
        "anomaly_count": 14
    },
    "viaduct_31 valve handle red": {
        "image_auroc": 0.5680555555555556,
        "pixel_ap": 0.006315202177541912,
        "normal_count": 45,
        "anomaly_count": 16
    },
    "viaduct_04 battery tray": {
        "image_auroc": 0.5707692307692307,
        "pixel_ap": 0.0023304301159930733,
        "normal_count": 65,
        "anomaly_count": 30
    },
    "viaduct_29 threaded fitting": {
        "image_auroc": 0.49408602150537634,
        "pixel_ap": 0.011414584032263097,
        "normal_count": 90,
        "anomaly_count": 62
    },
    "viaduct_03 3-pole socket housing": {
        "image_auroc": 0.47896879240162826,
        "pixel_ap": 0.04255282779175543,
        "normal_count": 110,
        "anomaly_count": 134
    },
    "viaduct_33 drill": {
        "image_auroc": 0.5243558776167472,
        "pixel_ap": 0.012484382465097095,
        "normal_count": 180,
        "anomaly_count": 138
    },
    "viaduct_15 terminal block B": {
        "image_auroc": 0.42584615384615376,
        "pixel_ap": 0.004395549283157423,
        "normal_count": 65,
        "anomaly_count": 50
    },
    "viaduct_17 cherry": {
        "image_auroc": 0.5073701298701299,
        "pixel_ap": 0.00797676903316476,
        "normal_count": 275,
        "anomaly_count": 112
    },
    "viaduct_21 cylinder screw": {
        "image_auroc": 0.5873737373737373,
        "pixel_ap": 0.006141362531123991,
        "normal_count": 180,
        "anomaly_count": 22
    },
    "viaduct_32 bone pliers": {
        "image_auroc": 0.5574431574431574,
        "pixel_ap": 0.0029325942155449232,
        "normal_count": 185,
        "anomaly_count": 63
    },
    "viaduct_42 aluminium plate": {
        "image_auroc": 0.552,
        "pixel_ap": 0.030760525300486896,
        "normal_count": 20,
        "anomaly_count": 150
    },
    "viaduct_10 PCB": {
        "image_auroc": 0.44399999999999995,
        "pixel_ap": 0.005759499071818589,
        "normal_count": 50,
        "anomaly_count": 45
    },
    "viaduct_19 strawberry": {
        "image_auroc": 0.40605291005291,
        "pixel_ap": 0.09036592621451801,
        "normal_count": 175,
        "anomaly_count": 135
    },
    "viaduct_37 retractor": {
        "image_auroc": 0.547008547008547,
        "pixel_ap": 0.014918193135827434,
        "normal_count": 180,
        "anomaly_count": 65
    },
    "viaduct_25 reinforcing sleeve": {
        "image_auroc": 0.3381818181818182,
        "pixel_ap": 0.012828553511521271,
        "normal_count": 50,
        "anomaly_count": 11
    },
    "viaduct_35 pink tablet": {
        "image_auroc": 0.5946666666666668,
        "pixel_ap": 0.136641325259515,
        "normal_count": 50,
        "anomaly_count": 60
    },
    "btad_02": {
        "image_auroc": 0.7999999999999999,
        "pixel_ap": 0.1628172542581978,
        "normal_count": 30,
        "anomaly_count": 190
    },
    "mpdd_bracket_black": {
        "image_auroc": 0.4290540540540541,
        "pixel_ap": 0.005045265919446225,
        "normal_count": 32,
        "anomaly_count": 37
    },
    "mpdd_metal_plate": {
        "image_auroc": 0.371374527112232,
        "pixel_ap": 0.20085317006438416,
        "normal_count": 26,
        "anomaly_count": 61
    },
    "mpdd_bracket_white": {
        "image_auroc": 0.42000000000000004,
        "pixel_ap": 0.00249894387887483,
        "normal_count": 30,
        "anomaly_count": 20
    },
    "real_iad_end_cap": {
        "image_auroc": 0.5207908691902641,
        "pixel_ap": 0.0026509728699965307,
        "normal_count": 2817,
        "anomaly_count": 2173
    },
    "real_iad_phone_battery": {
        "image_auroc": 0.5060434913923286,