{
    "continual_ad_Cucumber": {
        "image_auroc": 0.40479231355088174,
        "pixel_ap": 0.017198387876462905,
        "normal_count": 505,
        "anomaly_count": 507
    },
    "continual_ad_Spoon": {
        "image_auroc": 0.54627301722461,
        "pixel_ap": 0.005873849318601229,
        "normal_count": 527,
        "anomaly_count": 517
    },
    "continual_ad_Apple": {
        "image_auroc": 0.36047239612976667,
        "pixel_ap": 0.05291799788930666,
        "normal_count": 490,
        "anomaly_count": 502
    },
    "continual_ad_Kleenex": {
        "image_auroc": 0.5490546724470136,
        "pixel_ap": 0.03072870082526882,
        "normal_count": 480,
        "anomaly_count": 519
    },
    "continual_ad_Glasses-case": {
        "image_auroc": 0.452835676552178,
        "pixel_ap": 0.02696429603788164,
        "normal_count": 501,
        "anomaly_count": 549
    },
    "continual_ad_Toothbrush": {
        "image_auroc": 0.3762568306010929,
        "pixel_ap": 0.007315072757033775,
        "normal_count": 500,
        "anomaly_count": 549
    },
    "continual_ad_Soap": {
        "image_auroc": 0.5114729197169745,
        "pixel_ap": 0.03150024447049762,
        "normal_count": 394,
        "anomaly_count": 787
    },
    "continual_ad_Notebook": {
        "image_auroc": 0.5421801522009669,
        "pixel_ap": 0.04813291889259128,
        "normal_count": 354,
        "anomaly_count": 513
    },
    "continual_ad_Capsule": {
        "image_auroc": 0.5482754619905501,
        "pixel_ap": 0.04522883860692432,
        "normal_count": 507,
        "anomaly_count": 493
    },
    "continual_ad_Sunglasses": {
        "image_auroc": 0.5224329778437995,
        "pixel_ap": 0.0327498595910077,
        "normal_count": 499,
        "anomaly_count": 572
    },
    "continual_ad_Pencil": {
        "image_auroc": 0.405201899882751,
        "pixel_ap": 0.005103011535784333,
        "normal_count": 518,
        "anomaly_count": 517
    },
    "continual_ad_Food-container": {
        "image_auroc": 0.4008887840176183,
        "pixel_ap": 0.0455428721705658,
        "normal_count": 520,
        "anomaly_count": 489
    },
    "continual_ad_Chopsticks": {
        "image_auroc": 0.4790271868351896,
        "pixel_ap": 0.013614946967716725,
        "normal_count": 488,
        "anomaly_count": 524
    },
    "continual_ad_Toy": {
        "image_auroc": 0.549214055319901,
        "pixel_ap": 0.012296608973336681,
        "normal_count": 368,
        "anomaly_count": 492
    },
    "continual_ad_Multi-pen": {
        "image_auroc": 0.4816394292485435,
        "pixel_ap": 0.009628158966069772,
        "normal_count": 494,
        "anomaly_count": 492
    },
    "viaduct_09 joystick": {
        "image_auroc": 0.44953095684803,
        "pixel_ap": 0.010752477411164172,
        "normal_count": 65,
        "anomaly_count": 41
    },
    "viaduct_01 shredded corn medium": {
        "image_auroc": 0.7771834992887625,
        "pixel_ap": 0.17106556999309624,
        "normal_count": 185,
        "anomaly_count": 95
    },
    "viaduct_46 damper small": {
        "image_auroc": 0.47884615384615387,
        "pixel_ap": 0.08238251814730826,
        "normal_count": 65,
        "anomaly_count": 48
    },
    "viaduct_18 raspberry": {
        "image_auroc": 0.4527310924369748,
        "pixel_ap": 0.07155853500681912,
        "normal_count": 170,
        "anomaly_count": 84
    },
    "viaduct_16 vibration sensor": {
        "image_auroc": 0.632,
        "pixel_ap": 0.005497243004269793,
        "normal_count": 50,
        "anomaly_count": 20
    },
    "viaduct_36 redon needle": {
        "image_auroc": 0.6298059964726631,
        "pixel_ap": 0.015847569726056897,
        "normal_count": 180,
        "anomaly_count": 63
    },
    "viaduct_00 shredded corn rough": {
        "image_auroc": 0.6485576923076922,
        "pixel_ap": 0.1291166877643933,
        "normal_count": 80,
        "anomaly_count": 130
    },
    "viaduct_44 tack": {
        "image_auroc": 0.5077554744525548,
        "pixel_ap": 0.06570680786441761,
        "normal_count": 160,
        "anomaly_count": 137
    },
    "viaduct_06 coaxial t-adapter": {
        "image_auroc": 0.4863945578231293,
        "pixel_ap": 0.009390016513119853,
        "normal_count": 105,
        "anomaly_count": 14
    },
    "viaduct_31 valve handle red": {
        "image_auroc": 0.5555555555555556,
        "pixel_ap": 0.0052129891333642,
        "normal_count": 45,
        "anomaly_count": 16
    },
    "viaduct_04 battery tray": {
        "image_auroc": 0.601025641025641,
        "pixel_ap": 0.002194082403541808,
        "normal_count": 65,
        "anomaly_count": 30
    },
    "viaduct_29 threaded fitting": {
        "image_auroc": 0.49999999999999994,
        "pixel_ap": 0.011173600465430228,
        "normal_count": 90,
        "anomaly_count": 62
    },
    "viaduct_03 3-pole socket housing": {
        "image_auroc": 0.5234735413839892,
        "pixel_ap": 0.04528808519205094,
        "normal_count": 110,
        "anomaly_count": 134
    },
    "viaduct_33 drill": {
        "image_auroc": 0.5758454106280193,
        "pixel_ap": 0.01713134598602752,
        "normal_count": 180,
        "anomaly_count": 138
    },
    "viaduct_15 terminal block B": {
        "image_auroc": 0.5009230769230768,
        "pixel_ap": 0.004237979519806422,
        "normal_count": 65,
        "anomaly_count": 50
    },
    "viaduct_17 cherry": {
        "image_auroc": 0.49399350649350654,
        "pixel_ap": 0.008122426560394778,
        "normal_count": 275,
        "anomaly_count": 112
    },
    "viaduct_21 cylinder screw": {
        "image_auroc": 0.5037878787878787,
        "pixel_ap": 0.005455243491842237,
        "normal_count": 180,
        "anomaly_count": 22
    },
    "viaduct_32 bone pliers": {
        "image_auroc": 0.5308451308451307,
        "pixel_ap": 0.003425886184244148,
        "normal_count": 185,
        "anomaly_count": 63
    },
    "viaduct_42 aluminium plate": {
        "image_auroc": 0.5616666666666668,
        "pixel_ap": 0.028240632331993174,
        "normal_count": 20,
        "anomaly_count": 150
    },
    "viaduct_10 PCB": {
        "image_auroc": 0.45555555555555555,
        "pixel_ap": 0.007928971956456296,
        "normal_count": 50,
        "anomaly_count": 45
    },
    "viaduct_19 strawberry": {
        "image_auroc": 0.3882328042328042,
        "pixel_ap": 0.08842377980624253,
        "normal_count": 175,
        "anomaly_count": 135
    },
    "viaduct_37 retractor": {
        "image_auroc": 0.4977777777777778,
        "pixel_ap": 0.015168334668572541,
        "normal_count": 180,
        "anomaly_count": 65
    },
    "viaduct_25 reinforcing sleeve": {
        "image_auroc": 0.5072727272727273,
        "pixel_ap": 0.010193641783558733,
        "normal_count": 50,
        "anomaly_count": 11
    },
    "viaduct_35 pink tablet": {
        "image_auroc": 0.605,
        "pixel_ap": 0.14594833874021676,
        "normal_count": 50,
        "anomaly_count": 60
    },
    "btad_02": {
        "image_auroc": 0.8175438596491228,
        "pixel_ap": 0.16246864544630768,
        "normal_count": 30,
        "anomaly_count": 190
    },
    "mpdd_bracket_black": {
        "image_auroc": 0.47128378378378377,
        "pixel_ap": 0.006057797939205594,
        "normal_count": 32,
        "anomaly_count": 37
    },
    "mpdd_metal_plate": {
        "image_auroc": 0.349936948297604,
        "pixel_ap": 0.21327323773364482,
        "normal_count": 26,
        "anomaly_count": 61
    },
    "mpdd_bracket_white": {
        "image_auroc": 0.43333333333333335,
        "pixel_ap": 0.002661721160726535,
        "normal_count": 30,
        "anomaly_count": 20
    },
    "real_iad_end_cap": {
        "image_auroc": 0.4827181658398054,
        "pixel_ap": 0.003781868704380968,
        "normal_count": 2817,
        "anomaly_count": 2173
    },
    "real_iad_phone_battery": {
        "image_auroc": 0.5025016045001509,