{
    "continual_ad_Cucumber": {
        "image_auroc": 0.5830530982092292,
        "pixel_ap": 0.01129846605045771,
        "normal_count": 505,
        "anomaly_count": 507
    },
    "continual_ad_Spoon": {
        "image_auroc": 0.5161840864130016,
        "pixel_ap": 0.004840956067436493,
        "normal_count": 527,
        "anomaly_count": 517
    },
    "continual_ad_Apple": {
        "image_auroc": 0.31676559069843074,
        "pixel_ap": 0.0389795791968181,
        "normal_count": 490,
        "anomaly_count": 502
    },
    "continual_ad_Kleenex": {
        "image_auroc": 0.6712467886962108,
        "pixel_ap": 0.028592760537187765,
        "normal_count": 480,
        "anomaly_count": 519
    },
    "continual_ad_Glasses-case": {
        "image_auroc": 0.4074801217237656,
        "pixel_ap": 0.01592420580007419,
        "normal_count": 501,
        "anomaly_count": 549
    },
    "continual_ad_Toothbrush": {
        "image_auroc": 0.3802987249544626,
        "pixel_ap": 0.005793388064339759,
        "normal_count": 500,
        "anomaly_count": 549
    },
    "continual_ad_Soap": {
        "image_auroc": 0.4592860506066216,
        "pixel_ap": 0.023114382559825057,
        "normal_count": 394,
        "anomaly_count": 787
    },
    "continual_ad_Notebook": {
        "image_auroc": 0.5250988425237607,
        "pixel_ap": 0.02366120103267913,
        "normal_count": 354,
        "anomaly_count": 513
    },
    "continual_ad_Capsule": {
        "image_auroc": 0.4137090869810483,
        "pixel_ap": 0.02386385591602899,
        "normal_count": 507,
        "anomaly_count": 493
    },
    "continual_ad_Sunglasses": {
        "image_auroc": 0.5302142747032527,
        "pixel_ap": 0.03202504815055087,
        "normal_count": 499,
        "anomaly_count": 572
    },
    "continual_ad_Pencil": {
        "image_auroc": 0.39105546552355064,
        "pixel_ap": 0.00368588836890068,
        "normal_count": 518,
        "anomaly_count": 517
    },
    "continual_ad_Food-container": {
        "image_auroc": 0.380867547585339,
        "pixel_ap": 0.03626111803227113,
        "normal_count": 520,
        "anomaly_count": 489
    },
    "continual_ad_Chopsticks": {
        "image_auroc": 0.5221538293079715,
        "pixel_ap": 0.011400980146414002,
        "normal_count": 488,
        "anomaly_count": 524
    },
    "continual_ad_Toy": {
        "image_auroc": 0.503206190349947,
        "pixel_ap": 0.01108303739974007,
        "normal_count": 368,
        "anomaly_count": 492
    },
    "continual_ad_Multi-pen": {
        "image_auroc": 0.4718903261907113,
        "pixel_ap": 0.008244609650347935,
        "normal_count": 494,
        "anomaly_count": 492
    },
    "viaduct_09 joystick": {
        "image_auroc": 0.3939962476547842,
        "pixel_ap": 0.011777289833926667,
        "normal_count": 65,
        "anomaly_count": 41
    },
    "viaduct_01 shredded corn medium": {
        "image_auroc": 0.49308677098150777,
        "pixel_ap": 0.01936670541163751,
        "normal_count": 185,
        "anomaly_count": 95
    },
    "viaduct_46 damper small": {
        "image_auroc": 0.4551282051282051,
        "pixel_ap": 0.06666174804721921,
        "normal_count": 65,
        "anomaly_count": 48
    },
    "viaduct_18 raspberry": {
        "image_auroc": 0.30945378151260505,
        "pixel_ap": 0.05787839814742656,
        "normal_count": 170,
        "anomaly_count": 84
    },
    "viaduct_16 vibration sensor": {
        "image_auroc": 0.5700000000000001,
        "pixel_ap": 0.005310692679011874,
        "normal_count": 50,
        "anomaly_count": 20
    },
    "viaduct_36 redon needle": {
        "image_auroc": 0.5408289241622575,
        "pixel_ap": 0.005622739202872059,
        "normal_count": 180,
        "anomaly_count": 63
    },
    "viaduct_00 shredded corn rough": {
        "image_auroc": 0.5257692307692308,
        "pixel_ap": 0.033247211529268225,
        "normal_count": 80,
        "anomaly_count": 130
    },
    "viaduct_44 tack": {
        "image_auroc": 0.5133667883211679,
        "pixel_ap": 0.055702225948860144,
        "normal_count": 160,
        "anomaly_count": 137
    },
    "viaduct_06 coaxial t-adapter": {
        "image_auroc": 0.5741496598639456,
        "pixel_ap": 0.00902981424790639,
        "normal_count": 105,
        "anomaly_count": 14
    },
    "viaduct_31 valve handle red": {
        "image_auroc": 0.6138888888888889,
        "pixel_ap": 0.004409205049842208,
        "normal_count": 45,
        "anomaly_count": 16
    },
    "viaduct_04 battery tray": {
        "image_auroc": 0.4312820512820513,
        "pixel_ap": 0.0026571644484684005,
        "normal_count": 65,
        "anomaly_count": 30
    },
    "viaduct_29 threaded fitting": {
        "image_auroc": 0.5093189964157706,
        "pixel_ap": 0.01584856051196373,
        "normal_count": 90,
        "anomaly_count": 62
    },
    "viaduct_03 3-pole socket housing": {
        "image_auroc": 0.5058344640434194,
        "pixel_ap": 0.03748125239506105,
        "normal_count": 110,
        "anomaly_count": 134
    },
    "viaduct_33 drill": {
        "image_auroc": 0.4988727858293075,
        "pixel_ap": 0.0043368261901690595,
        "normal_count": 180,
        "anomaly_count": 138
    },
    "viaduct_15 terminal block B": {
        "image_auroc": 0.45353846153846156,
        "pixel_ap": 0.00267406540641366,
        "normal_count": 65,
        "anomaly_count": 50
    },
    "viaduct_17 cherry": {
        "image_auroc": 0.5512337662337663,
        "pixel_ap": 0.009530562257014473,
        "normal_count": 275,
        "anomaly_count": 112
    },
    "viaduct_21 cylinder screw": {
        "image_auroc": 0.5285353535353535,
        "pixel_ap": 0.00497505321151603,
        "normal_count": 180,
        "anomaly_count": 22
    },
    "viaduct_32 bone pliers": {
        "image_auroc": 0.5212355212355212,
        "pixel_ap": 0.0019948771265359826,
        "normal_count": 185,
        "anomaly_count": 63
    },
    "viaduct_42 aluminium plate": {
        "image_auroc": 0.6020000000000001,
        "pixel_ap": 0.010448209159670032,
        "normal_count": 20,
        "anomaly_count": 150
    },
    "viaduct_10 PCB": {
        "image_auroc": 0.452,
        "pixel_ap": 0.002959074875369524,
        "normal_count": 50,
        "anomaly_count": 45
    },
    "viaduct_19 strawberry": {
        "image_auroc": 0.4083386243386243,
        "pixel_ap": 0.07489180411059779,
        "normal_count": 175,
        "anomaly_count": 135
    },
    "viaduct_37 retractor": {
        "image_auroc": 0.5013675213675214,
        "pixel_ap": 0.011218930190987282,
        "normal_count": 180,
        "anomaly_count": 65
    },
    "viaduct_25 reinforcing sleeve": {
        "image_auroc": 0.46727272727272723,
        "pixel_ap": 0.02483899565092853,
        "normal_count": 50,
        "anomaly_count": 11
    },
    "viaduct_35 pink tablet": {
        "image_auroc": 0.5823333333333334,
        "pixel_ap": 0.11969557817330234,
        "normal_count": 50,
        "anomaly_count": 60
    },
    "btad_02": {
        "image_auroc": 0.6556140350877193,
        "pixel_ap": 0.11156243868401265,
        "normal_count": 30,
        "anomaly_count": 190
    },
    "mpdd_bracket_black": {
        "image_auroc": 0.5337837837837838,
        "pixel_ap": 0.0037534389696222835,
        "normal_count": 32,
        "anomaly_count": 37
    },
    "mpdd_metal_plate": {
        "image_auroc": 0.40163934426229503,
        "pixel_ap": 0.13506935001068074,
        "normal_count": 26,
        "anomaly_count": 61
    },
    "mpdd_bracket_white": {
        "image_auroc": 0.38833333333333336,
        "pixel_ap": 0.0018949147942058052,
        "normal_count": 30,
        "anomaly_count": 20
    },
    "real_iad_end_cap": {
        "image_auroc": 0.49297539542397656,
        "pixel_ap": 0.002297081238222079,
        "normal_count": 2817,
        "anomaly_count": 2173
    },