{
    "continual_ad_Cucumber": {
        "image_auroc": 0.4371043021461909,
        "pixel_ap": 0.016513474394291128,
        "normal_count": 505,
        "anomaly_count": 507
    },
    "continual_ad_Spoon": {
        "image_auroc": 0.5700362256339486,
        "pixel_ap": 0.005784810550358612,
        "normal_count": 527,
        "anomaly_count": 517
    },
    "continual_ad_Apple": {
        "image_auroc": 0.36920278071387924,
        "pixel_ap": 0.04826564615458178,
        "normal_count": 490,
        "anomaly_count": 502
    },
    "continual_ad_Kleenex": {
        "image_auroc": 0.5173490687219011,
        "pixel_ap": 0.0291214297212673,
        "normal_count": 480,
        "anomaly_count": 519
    },
    "continual_ad_Glasses-case": {
        "image_auroc": 0.46989809088562395,
        "pixel_ap": 0.025307860294917255,
        "normal_count": 501,
        "anomaly_count": 549
    },
    "continual_ad_Toothbrush": {
        "image_auroc": 0.397391621129326,
        "pixel_ap": 0.00756571293944746,
        "normal_count": 500,
        "anomaly_count": 549
    },
    "continual_ad_Soap": {
        "image_auroc": 0.5105005837240952,
        "pixel_ap": 0.03308277438591779,
        "normal_count": 394,
        "anomaly_count": 787
    },
    "continual_ad_Notebook": {
        "image_auroc": 0.5207156308851224,
        "pixel_ap": 0.04903809181817308,
        "normal_count": 354,
        "anomaly_count": 513
    },
    "continual_ad_Capsule": {
        "image_auroc": 0.5378614208384842,
        "pixel_ap": 0.04492775501641833,
        "normal_count": 507,
        "anomaly_count": 493
    },
    "continual_ad_Sunglasses": {
        "image_auroc": 0.5565606737951427,
        "pixel_ap": 0.03465089059735127,
        "normal_count": 499,
        "anomaly_count": 572
    },
    "continual_ad_Pencil": {
        "image_auroc": 0.4030492221981583,
        "pixel_ap": 0.005286890784670206,
        "normal_count": 518,
        "anomaly_count": 517
    },
    "continual_ad_Food-container": {
        "image_auroc": 0.3886345760578889,
        "pixel_ap": 0.04392567138111996,
        "normal_count": 520,
        "anomaly_count": 489
    },
    "continual_ad_Chopsticks": {
        "image_auroc": 0.5080735358528344,
        "pixel_ap": 0.013101623645006577,
        "normal_count": 488,
        "anomaly_count": 524
    },
    "continual_ad_Toy": {
        "image_auroc": 0.5638089872746554,
        "pixel_ap": 0.012423110687230735,
        "normal_count": 368,
        "anomaly_count": 492
    },
    "continual_ad_Multi-pen": {
        "image_auroc": 0.47842195780257396,
        "pixel_ap": 0.00941995534239105,
        "normal_count": 494,
        "anomaly_count": 492
    },
    "viaduct_09 joystick": {
        "image_auroc": 0.4637898686679174,
        "pixel_ap": 0.010800354432695235,
        "normal_count": 65,
        "anomaly_count": 41
    },
    "viaduct_01 shredded corn medium": {
        "image_auroc": 0.7497581792318635,
        "pixel_ap": 0.15232070004575218,
        "normal_count": 185,
        "anomaly_count": 95
    },
    "viaduct_46 damper small": {
        "image_auroc": 0.4551282051282051,
        "pixel_ap": 0.0795988847793853,
        "normal_count": 65,
        "anomaly_count": 48
    },
    "viaduct_18 raspberry": {
        "image_auroc": 0.4349439775910364,
        "pixel_ap": 0.06665473340875265,
        "normal_count": 170,
        "anomaly_count": 84
    },
    "viaduct_16 vibration sensor": {
        "image_auroc": 0.648,
        "pixel_ap": 0.005856184060969142,
        "normal_count": 50,
        "anomaly_count": 20
    },
    "viaduct_36 redon needle": {
        "image_auroc": 0.6013227513227514,
        "pixel_ap": 0.015624228251570664,
        "normal_count": 180,
        "anomaly_count": 63
    },
    "viaduct_00 shredded corn rough": {
        "image_auroc": 0.6441346153846154,
        "pixel_ap": 0.11987919038581568,
        "normal_count": 80,
        "anomaly_count": 130
    },
    "viaduct_44 tack": {
        "image_auroc": 0.46875,
        "pixel_ap": 0.0632971102147351,
        "normal_count": 160,
        "anomaly_count": 137
    },
    "viaduct_06 coaxial t-adapter": {
        "image_auroc": 0.38639455782312926,
        "pixel_ap": 0.008671004956447499,
        "normal_count": 105,
        "anomaly_count": 14
    },
    "viaduct_31 valve handle red": {
        "image_auroc": 0.5,
        "pixel_ap": 0.005697319986212181,
        "normal_count": 45,
        "anomaly_count": 16
    },
    "viaduct_04 battery tray": {
        "image_auroc": 0.6405128205128204,
        "pixel_ap": 0.002506602136058978,
        "normal_count": 65,
        "anomaly_count": 30
    },
    "viaduct_29 threaded fitting": {
        "image_auroc": 0.49892473118279573,
        "pixel_ap": 0.010029071871274848,
        "normal_count": 90,
        "anomaly_count": 62
    },
    "viaduct_03 3-pole socket housing": {
        "image_auroc": 0.5246268656716417,
        "pixel_ap": 0.046502374942449326,
        "normal_count": 110,
        "anomaly_count": 134
    },
    "viaduct_33 drill": {
        "image_auroc": 0.5409822866344606,
        "pixel_ap": 0.014131889845562627,
        "normal_count": 180,
        "anomaly_count": 138
    },
    "viaduct_15 terminal block B": {
        "image_auroc": 0.5027692307692309,
        "pixel_ap": 0.004253102921025889,
        "normal_count": 65,
        "anomaly_count": 50
    },
    "viaduct_17 cherry": {
        "image_auroc": 0.5026623376623377,
        "pixel_ap": 0.008193513486606794,
        "normal_count": 275,
        "anomaly_count": 112
    },
    "viaduct_21 cylinder screw": {
        "image_auroc": 0.5648989898989899,
        "pixel_ap": 0.0062358409070347315,
        "normal_count": 180,
        "anomaly_count": 22
    },
    "viaduct_32 bone pliers": {
        "image_auroc": 0.4963534963534963,
        "pixel_ap": 0.0034955419330120452,
        "normal_count": 185,
        "anomaly_count": 63
    },
    "viaduct_42 aluminium plate": {
        "image_auroc": 0.5336666666666666,
        "pixel_ap": 0.026006078044131235,
        "normal_count": 20,
        "anomaly_count": 150
    },
    "viaduct_10 PCB": {
        "image_auroc": 0.4715555555555555,
        "pixel_ap": 0.008239227712065913,
        "normal_count": 50,
        "anomaly_count": 45
    },
    "viaduct_19 strawberry": {
        "image_auroc": 0.3681269841269841,
        "pixel_ap": 0.09010009552869191,
        "normal_count": 175,
        "anomaly_count": 135
    },
    "viaduct_37 retractor": {
        "image_auroc": 0.5118803418803419,
        "pixel_ap": 0.015633181465212198,
        "normal_count": 180,
        "anomaly_count": 65
    },
    "viaduct_25 reinforcing sleeve": {
        "image_auroc": 0.5927272727272727,
        "pixel_ap": 0.009299690657322581,
        "normal_count": 50,
        "anomaly_count": 11
    },
    "viaduct_35 pink tablet": {
        "image_auroc": 0.5793333333333334,
        "pixel_ap": 0.14311487509701484,
        "normal_count": 50,
        "anomaly_count": 60
    },
    "btad_02": {
        "image_auroc": 0.8175438596491228,
        "pixel_ap": 0.1520182319491605,
        "normal_count": 30,
        "anomaly_count": 190
    },
    "mpdd_bracket_black": {
        "image_auroc": 0.4662162162162162,
        "pixel_ap": 0.005508242626731559,
        "normal_count": 32,
        "anomaly_count": 37
    },
    "mpdd_metal_plate": {
        "image_auroc": 0.33606557377049184,
        "pixel_ap": 0.21103986178841427,
        "normal_count": 26,
        "anomaly_count": 61
    },
    "mpdd_bracket_white": {
        "image_auroc": 0.42333333333333334,
        "pixel_ap": 0.002716764477848281,
        "normal_count": 30,
        "anomaly_count": 20
    },
    "real_iad_end_cap": {
        "image_auroc": 0.47905173065836393,
        "pixel_ap": 0.003809031489890837,
        "normal_count": 2817,
        "anomaly_count": 2173
    },
    "real_iad_phone_battery": {
        "image_auroc": 0.49598233162186656,