{
    "continual_ad_Cucumber": {
        "image_auroc": 0.4037416759427422,
        "pixel_ap": 0.017002507357701768,
        "normal_count": 505,
        "anomaly_count": 507
    },
    "continual_ad_Spoon": {
        "image_auroc": 0.5692636323263316,
        "pixel_ap": 0.006157268571079625,
        "normal_count": 527,
        "anomaly_count": 517
    },
    "continual_ad_Apple": {
        "image_auroc": 0.37977071306610294,
        "pixel_ap": 0.054114579993766364,
        "normal_count": 490,
        "anomaly_count": 502
    },
    "continual_ad_Kleenex": {
        "image_auroc": 0.5823940269749518,
        "pixel_ap": 0.03156863856841354,
        "normal_count": 480,
        "anomaly_count": 519
    },
    "continual_ad_Glasses-case": {
        "image_auroc": 0.4672840112125476,
        "pixel_ap": 0.03154228583573805,
        "normal_count": 501,
        "anomaly_count": 549
    },
    "continual_ad_Toothbrush": {
        "image_auroc": 0.3931220400728597,
        "pixel_ap": 0.007253231240022828,
        "normal_count": 500,
        "anomaly_count": 549
    },
    "continual_ad_Soap": {
        "image_auroc": 0.5056469662472023,
        "pixel_ap": 0.03056086552109249,
        "normal_count": 394,
        "anomaly_count": 787
    },
    "continual_ad_Notebook": {
        "image_auroc": 0.5816731093269897,
        "pixel_ap": 0.0460067419838654,
        "normal_count": 354,
        "anomaly_count": 513
    },
    "continual_ad_Capsule": {
        "image_auroc": 0.48584722605630704,
        "pixel_ap": 0.04124689827836823,
        "normal_count": 507,
        "anomaly_count": 493
    },
    "continual_ad_Sunglasses": {
        "image_auroc": 0.5003853861569292,
        "pixel_ap": 0.03354960175708954,
        "normal_count": 499,
        "anomaly_count": 572
    },
    "continual_ad_Pencil": {
        "image_auroc": 0.38834828196530324,
        "pixel_ap": 0.005314331876885625,
        "normal_count": 518,
        "anomaly_count": 517
    },
    "continual_ad_Food-container": {
        "image_auroc": 0.4121637564889099,
        "pixel_ap": 0.04688909285714213,
        "normal_count": 520,
        "anomaly_count": 489
    },
    "continual_ad_Chopsticks": {
        "image_auroc": 0.49201054311099984,
        "pixel_ap": 0.013937796625389033,
        "normal_count": 488,
        "anomaly_count": 524
    },
    "continual_ad_Toy": {
        "image_auroc": 0.5120791357370096,
        "pixel_ap": 0.013347070805540614,
        "normal_count": 368,
        "anomaly_count": 492
    },
    "continual_ad_Multi-pen": {
        "image_auroc": 0.5037441163885323,
        "pixel_ap": 0.009999020272127648,
        "normal_count": 494,
        "anomaly_count": 492
    },
    "viaduct_09 joystick": {
        "image_auroc": 0.4547842401500938,
        "pixel_ap": 0.01113761876603613,
        "normal_count": 65,
        "anomaly_count": 41
    },
    "viaduct_01 shredded corn medium": {
        "image_auroc": 0.7809388335704125,
        "pixel_ap": 0.17615139881252156,
        "normal_count": 185,
        "anomaly_count": 95
    },
    "viaduct_46 damper small": {
        "image_auroc": 0.4865384615384616,
        "pixel_ap": 0.0818206873050988,
        "normal_count": 65,
        "anomaly_count": 48
    },
    "viaduct_18 raspberry": {
        "image_auroc": 0.4730392156862745,
        "pixel_ap": 0.06622279001193924,
        "normal_count": 170,
        "anomaly_count": 84
    },
    "viaduct_16 vibration sensor": {
        "image_auroc": 0.584,
        "pixel_ap": 0.005426577586162293,
        "normal_count": 50,
        "anomaly_count": 20
    },
    "viaduct_36 redon needle": {
        "image_auroc": 0.5764550264550264,
        "pixel_ap": 0.009687582148384928,
        "normal_count": 180,
        "anomaly_count": 63
    },
    "viaduct_00 shredded corn rough": {
        "image_auroc": 0.6572115384615385,
        "pixel_ap": 0.13158481734781136,
        "normal_count": 80,
        "anomaly_count": 130
    },
    "viaduct_44 tack": {
        "image_auroc": 0.5155109489051095,
        "pixel_ap": 0.0672499557401132,
        "normal_count": 160,
        "anomaly_count": 137
    },
    "viaduct_06 coaxial t-adapter": {
        "image_auroc": 0.47687074829931975,
        "pixel_ap": 0.015020274349032182,
        "normal_count": 105,
        "anomaly_count": 14
    },
    "viaduct_31 valve handle red": {
        "image_auroc": 0.5736111111111111,
        "pixel_ap": 0.0058025657694776595,
        "normal_count": 45,
        "anomaly_count": 16
    },
    "viaduct_04 battery tray": {
        "image_auroc": 0.6,
        "pixel_ap": 0.0021446123251561834,
        "normal_count": 65,
        "anomaly_count": 30
    },
    "viaduct_29 threaded fitting": {
        "image_auroc": 0.49569892473118277,
        "pixel_ap": 0.011562547774770698,
        "normal_count": 90,
        "anomaly_count": 62
    },
    "viaduct_03 3-pole socket housing": {
        "image_auroc": 0.4924694708276797,
        "pixel_ap": 0.0429592373554527,
        "normal_count": 110,
        "anomaly_count": 134
    },
    "viaduct_33 drill": {
        "image_auroc": 0.5643317230273751,
        "pixel_ap": 0.017122000167630616,
        "normal_count": 180,
        "anomaly_count": 138
    },
    "viaduct_15 terminal block B": {
        "image_auroc": 0.45784615384615385,
        "pixel_ap": 0.004260435526831536,
        "normal_count": 65,
        "anomaly_count": 50
    },
    "viaduct_17 cherry": {
        "image_auroc": 0.4931818181818182,
        "pixel_ap": 0.008068666345597227,
        "normal_count": 275,
        "anomaly_count": 112
    },
    "viaduct_21 cylinder screw": {
        "image_auroc": 0.5580808080808081,
        "pixel_ap": 0.0056959869214098366,
        "normal_count": 180,
        "anomaly_count": 22
    },
    "viaduct_32 bone pliers": {
        "image_auroc": 0.554096954096954,
        "pixel_ap": 0.0031192515469036512,
        "normal_count": 185,
        "anomaly_count": 63
    },
    "viaduct_42 aluminium plate": {
        "image_auroc": 0.5753333333333334,
        "pixel_ap": 0.031070483188602904,
        "normal_count": 20,
        "anomaly_count": 150
    },
    "viaduct_10 PCB": {
        "image_auroc": 0.4377777777777778,
        "pixel_ap": 0.007619474663443381,
        "normal_count": 50,
        "anomaly_count": 45
    },
    "viaduct_19 strawberry": {
        "image_auroc": 0.4179047619047619,
        "pixel_ap": 0.08779536224315386,
        "normal_count": 175,
        "anomaly_count": 135
    },
    "viaduct_37 retractor": {
        "image_auroc": 0.5541025641025641,
        "pixel_ap": 0.014837560459028747,
        "normal_count": 180,
        "anomaly_count": 65
    },
    "viaduct_25 reinforcing sleeve": {
        "image_auroc": 0.4418181818181818,
        "pixel_ap": 0.010980445263130738,
        "normal_count": 50,
        "anomaly_count": 11
    },
    "viaduct_35 pink tablet": {
        "image_auroc": 0.6056666666666667,
        "pixel_ap": 0.1415857990266835,
        "normal_count": 50,
        "anomaly_count": 60
    },
    "btad_02": {
        "image_auroc": 0.8042105263157894,
        "pixel_ap": 0.16555508456897733,
        "normal_count": 30,
        "anomaly_count": 190
    },
    "mpdd_bracket_black": {
        "image_auroc": 0.45861486486486486,
        "pixel_ap": 0.005479339649036009,
        "normal_count": 32,
        "anomaly_count": 37
    },
    "mpdd_metal_plate": {
        "image_auroc": 0.3795712484237074,
        "pixel_ap": 0.2072305152133389,
        "normal_count": 26,
        "anomaly_count": 61
    },
    "mpdd_bracket_white": {
        "image_auroc": 0.4333333333333333,
        "pixel_ap": 0.002796729191161059,
        "normal_count": 30,
        "anomaly_count": 20
    },
    "real_iad_end_cap": {
        "image_auroc": 0.507560189834221,
        "pixel_ap": 0.0038863812839572487,
        "normal_count": 2817,
        "anomaly_count": 2173
    },
    "real_iad_phone_battery": {
        "image_auroc": 0.5029108464210209,