{
    "visa_capsules": {
        "image_auroc": 0.5612962962962963,
        "pixel_ap": 0.012039668681041771,
        "normal_count": 60,
        "anomaly_count": 90
    },
    "viaduct_18 raspberry": {
        "image_auroc": 0.4840336134453782,
        "pixel_ap": 0.07692871986496279,
        "normal_count": 170,
        "anomaly_count": 84
    },
    "viaduct_21 cylinder screw": {
        "image_auroc": 0.5431818181818182,
        "pixel_ap": 0.004979082067348798,
        "normal_count": 180,
        "anomaly_count": 22
    },
    "viaduct_05 cable end sleeve": {
        "image_auroc": 0.6305952380952381,
        "pixel_ap": 0.007541869908271227,
        "normal_count": 210,
        "anomaly_count": 40
    },
    "real_iad_eraser": {
        "image_auroc": 0.5698352018749528,
        "pixel_ap": 0.03196694024375665,
        "normal_count": 3567,
        "anomaly_count": 1478
    }
}