{
    "continual_ad_Mango": {
        "image_auroc": 0.4911923393003895,
        "pixel_ap": 0.07027883453517773,
        "normal_count": 456,
        "anomaly_count": 491
    },
    "viaduct_30 valve handle blue": {
        "image_auroc": 0.68,
        "pixel_ap": 0.010367243877234127,
        "normal_count": 50,
        "anomaly_count": 14
    },
    "visa_pcb2": {
        "image_auroc": 0.5102222222222222,
        "pixel_ap": 0.005254598403828086,
        "normal_count": 100,
        "anomaly_count": 90
    },
    "mvtec_capsule": {
        "image_auroc": 0.47474747474747475,
        "pixel_ap": 0.06024761304614128,
        "normal_count": 23,
        "anomaly_count": 99
    },
    "continual_ad_Watermelon": {
        "image_auroc": 0.47717928122092235,
        "pixel_ap": 0.06584389738856376,
        "normal_count": 497,
        "anomaly_count": 506
    }
}