{
    "viaduct_28 key": {
        "image_auroc": 0.4285185185185185,
        "pixel_ap": 0.0964099323924137,
        "normal_count": 90,
        "anomaly_count": 30
    },
    "continual_ad_Flash-drive": {
        "image_auroc": 0.5238360617670962,
        "pixel_ap": 0.047008402020995634,
        "normal_count": 522,
        "anomaly_count": 495
    },
    "btad_01": {
        "image_auroc": 0.8571428571428571,
        "pixel_ap": 0.11269233525818845,
        "normal_count": 21,
        "anomaly_count": 39
    },
    "viaduct_11 ring cable lug": {
        "image_auroc": 0.4459183673469388,
        "pixel_ap": 0.026603544923112076,
        "normal_count": 140,
        "anomaly_count": 56
    },
    "viaduct_43 paperclip": {
        "image_auroc": 0.4096681096681096,
        "pixel_ap": 0.03897225635926513,
        "normal_count": 110,
        "anomaly_count": 63
    },
    "viaduct_05 cable end sleeve": {
        "image_auroc": 0.6183333333333334,
        "pixel_ap": 0.00787310218242702,
        "normal_count": 210,
        "anomaly_count": 40
    },
    "viaduct_14 terminal block A": {
        "image_auroc": 0.510984126984127,
        "pixel_ap": 0.0034900070219038323,
        "normal_count": 105,
        "anomaly_count": 75
    },
    "continual_ad_Cup": {
        "image_auroc": 0.46377271141833404,
        "pixel_ap": 0.01857810172380242,
        "normal_count": 517,
        "anomaly_count": 488
    },
    "real_iad_toy_brick": {
        "image_auroc": 0.5562776008765691,
        "pixel_ap": 0.011443783269375075,
        "normal_count": 3464,
        "anomaly_count": 1526
    },
    "real_iad_audiojack": {
        "image_auroc": 0.5686246776594756,
        "pixel_ap": 0.024073419717578478,
        "normal_count": 3744,
        "anomaly_count": 1286
    }
}