{
    "mpdd_bracket_white": {
        "image_auroc": 0.42999999999999994,
        "pixel_ap": 0.002703220763862968,
        "normal_count": 30,
        "anomaly_count": 20
    },
    "viaduct_08 ethernet connector": {
        "image_auroc": 0.5266666666666666,
        "pixel_ap": 0.016361302304516784,
        "normal_count": 50,
        "anomaly_count": 30
    },
    "viaduct_24 pan screw": {
        "image_auroc": 0.5323076923076923,
        "pixel_ap": 0.007283911597469558,
        "normal_count": 130,
        "anomaly_count": 100
    },
    "viaduct_25 reinforcing sleeve": {
        "image_auroc": 0.43818181818181823,
        "pixel_ap": 0.007753738129215121,
        "normal_count": 50,
        "anomaly_count": 11
    },
    "real_iad_end_cap": {
        "image_auroc": 0.5507122540632845,
        "pixel_ap": 0.006541329336995321,
        "normal_count": 2817,
        "anomaly_count": 2173
    }
}