{
    "viaduct_38 round pill": {
        "image_auroc": 0.4607317073170732,
        "pixel_ap": 0.16518782490308062,
        "normal_count": 50,
        "anomaly_count": 82
    },
    "viaduct_32 bone pliers": {
        "image_auroc": 0.5571857571857571,
        "pixel_ap": 0.002893446794394858,
        "normal_count": 185,
        "anomaly_count": 63
    },
    "viaduct_25 reinforcing sleeve": {
        "image_auroc": 0.6763636363636363,
        "pixel_ap": 0.010741574313866303,
        "normal_count": 50,
        "anomaly_count": 11
    },
    "real_iad_rolled_strip_base": {
        "image_auroc": 0.5887156583362647,
        "pixel_ap": 0.009243441220112739,
        "normal_count": 2515,
        "anomaly_count": 2515
    },
    "real_iad_toothbrush": {
        "image_auroc": 0.5511059464898764,
        "pixel_ap": 0.01520033171930942,
        "normal_count": 2968,
        "anomaly_count": 2017
    }
}