{
    "viaduct_38 round pill": {
        "image_auroc": 0.47365853658536583,
        "pixel_ap": 0.1681947068078447,
        "normal_count": 50,
        "anomaly_count": 82
    },
    "viaduct_32 bone pliers": {
        "image_auroc": 0.5892749892749892,
        "pixel_ap": 0.003346026896008487,
        "normal_count": 185,
        "anomaly_count": 63
    },
    "viaduct_25 reinforcing sleeve": {
        "image_auroc": 0.48727272727272725,
        "pixel_ap": 0.007702206083171048,
        "normal_count": 50,
        "anomaly_count": 11
    },
    "real_iad_rolled_strip_base": {
        "image_auroc": 0.5750882379678193,
        "pixel_ap": 0.023500594769796292,
        "normal_count": 2515,
        "anomaly_count": 2515
    },
    "real_iad_toothbrush": {
        "image_auroc": 0.4955127875323898,
        "pixel_ap": 0.016049283580741376,
        "normal_count": 2968,
        "anomaly_count": 2017
    }
}