{
    "viaduct_38 round pill": {
        "image_auroc": 0.5060975609756098,
        "pixel_ap": 0.1640707679430986,
        "normal_count": 50,
        "anomaly_count": 82
    },
    "viaduct_32 bone pliers": {
        "image_auroc": 0.6018876018876018,
        "pixel_ap": 0.002391092254165567,
        "normal_count": 185,
        "anomaly_count": 63
    },
    "viaduct_25 reinforcing sleeve": {
        "image_auroc": 0.56,
        "pixel_ap": 0.009091216925299418,
        "normal_count": 50,
        "anomaly_count": 11
    },
    "real_iad_rolled_strip_base": {
        "image_auroc": 0.5895747582101822,
        "pixel_ap": 0.02452350116211765,
        "normal_count": 2515,
        "anomaly_count": 2515
    },
    "real_iad_toothbrush": {
        "image_auroc": 0.5032050682407088,
        "pixel_ap": 0.015386629644749286,
        "normal_count": 2968,
        "anomaly_count": 2017
    }
}