{
    "continual_ad_Calculator": {
        "image_auroc": 0.601703557312253,
        "pixel_ap": 0.010765922580998462,
        "normal_count": 506,
        "anomaly_count": 500
    },
    "viaduct_14 terminal block A": {
        "image_auroc": 0.4996825396825397,
        "pixel_ap": 0.0038128892571122177,
        "normal_count": 105,
        "anomaly_count": 75
    },
    "viaduct_08 ethernet connector": {
        "image_auroc": 0.49,
        "pixel_ap": 0.0180454044707265,
        "normal_count": 50,
        "anomaly_count": 30
    },
    "viaduct_13 socket housing": {
        "image_auroc": 0.4668639053254438,
        "pixel_ap": 0.01350860469676218,
        "normal_count": 65,
        "anomaly_count": 52
    },
    "mvtec_capsule": {
        "image_auroc": 0.4466403162055336,
        "pixel_ap": 0.07147228701846432,
        "normal_count": 23,
        "anomaly_count": 99
    },
    "visa_fryum": {
        "image_auroc": 0.4282222222222222,
        "pixel_ap": 0.09954600865965776,
        "normal_count": 50,
        "anomaly_count": 90
    },
    "viaduct_21 cylinder screw": {
        "image_auroc": 0.5840909090909091,
        "pixel_ap": 0.005716767230115337,
        "normal_count": 180,
        "anomaly_count": 22
    },
    "viaduct_34 oblong pill": {
        "image_auroc": 0.5698879551820729,
        "pixel_ap": 0.08948497436828412,
        "normal_count": 105,
        "anomaly_count": 136
    },
    "real_iad_transistor1": {
        "image_auroc": 0.5731580921896762,
        "pixel_ap": 0.01733945123254,
        "normal_count": 2873,
        "anomaly_count": 2107
    },
    "real_iad_u_block": {
        "image_auroc": 0.6228658057845772,
        "pixel_ap": 0.03551181651928,
        "normal_count": 3766,
        "anomaly_count": 1204
    }
}