{
    "continual_ad_Mouse": {
        "image_auroc": 0.5911025145067699,
        "pixel_ap": 0.1030870802103612,
        "normal_count": 517,
        "anomaly_count": 495
    },
    "viaduct_22 device box": {
        "image_auroc": 0.3416666666666667,
        "pixel_ap": 0.0006384366644597954,
        "normal_count": 50,
        "anomaly_count": 36
    },
    "viaduct_13 socket housing": {
        "image_auroc": 0.4556213017751479,
        "pixel_ap": 0.011614363120745546,
        "normal_count": 65,
        "anomaly_count": 52
    },
    "real_iad_audiojack": {
        "image_auroc": 0.517513350546982,
        "pixel_ap": 0.018539834777310464,
        "normal_count": 3744,
        "anomaly_count": 1286
    },
    "real_iad_fire_hood": {
        "image_auroc": 0.5731911384414896,
        "pixel_ap": 0.0312154727922187,
        "normal_count": 3665,
        "anomaly_count": 1340
    }
}