{
    "continual_ad_Mouse": {
        "image_auroc": 0.59503155344548,
        "pixel_ap": 0.10429575125424478,
        "normal_count": 517,
        "anomaly_count": 495
    },
    "viaduct_22 device box": {
        "image_auroc": 0.33333333333333337,
        "pixel_ap": 0.0005984254407924175,
        "normal_count": 50,
        "anomaly_count": 36
    },
    "viaduct_13 socket housing": {
        "image_auroc": 0.45680473372781066,
        "pixel_ap": 0.010844635061917228,
        "normal_count": 65,
        "anomaly_count": 52
    },
    "real_iad_audiojack": {
        "image_auroc": 0.5115665624875384,
        "pixel_ap": 0.017090488774620383,
        "normal_count": 3744,
        "anomaly_count": 1286
    },
    "real_iad_fire_hood": {
        "image_auroc": 0.570866811915864,
        "pixel_ap": 0.029921878325239747,
        "normal_count": 3665,
        "anomaly_count": 1340
    }
}