{
    "continual_ad_Mouse": {
        "image_auroc": 0.6082312486567806,
        "pixel_ap": 0.10560639477976484,
        "normal_count": 517,
        "anomaly_count": 495
    },
    "viaduct_22 device box": {
        "image_auroc": 0.38555555555555554,
        "pixel_ap": 0.000854523994011523,
        "normal_count": 50,
        "anomaly_count": 36
    },
    "viaduct_13 socket housing": {
        "image_auroc": 0.4041420118343195,
        "pixel_ap": 0.011781183093882581,
        "normal_count": 65,
        "anomaly_count": 52
    },
    "real_iad_audiojack": {
        "image_auroc": 0.5848519892065771,
        "pixel_ap": 0.03366895916361177,
        "normal_count": 3744,
        "anomaly_count": 1286
    },
    "real_iad_fire_hood": {
        "image_auroc": 0.6048276353566411,
        "pixel_ap": 0.045609393439343754,
        "normal_count": 3665,
        "anomaly_count": 1340
    }
}