{
    "continual_ad_Mouse": {
        "image_auroc": 0.6133638122032705,
        "pixel_ap": 0.10646723005517623,
        "normal_count": 517,
        "anomaly_count": 495
    },
    "viaduct_22 device box": {
        "image_auroc": 0.2872222222222222,
        "pixel_ap": 0.0006304962232842343,
        "normal_count": 50,
        "anomaly_count": 36
    },
    "viaduct_13 socket housing": {
        "image_auroc": 0.5106508875739645,
        "pixel_ap": 0.011657795226921777,
        "normal_count": 65,
        "anomaly_count": 52
    },
    "real_iad_audiojack": {
        "image_auroc": 0.5157242775584532,
        "pixel_ap": 0.017823852792492403,
        "normal_count": 3744,
        "anomaly_count": 1286
    },
    "real_iad_fire_hood": {
        "image_auroc": 0.5890443077925516,
        "pixel_ap": 0.04628533388950803,
        "normal_count": 3665,
        "anomaly_count": 1340
    }
}