{
    "continual_ad_Mouse": {
        "image_auroc": 0.584543696149112,
        "pixel_ap": 0.09982459915998139,
        "normal_count": 517,
        "anomaly_count": 495
    },
    "viaduct_22 device box": {
        "image_auroc": 0.355,
        "pixel_ap": 0.0006214036979981185,
        "normal_count": 50,
        "anomaly_count": 36
    },
    "viaduct_13 socket housing": {
        "image_auroc": 0.4322485207100592,
        "pixel_ap": 0.011222546184952114,
        "normal_count": 65,
        "anomaly_count": 52
    },
    "real_iad_audiojack": {
        "image_auroc": 0.5477562441015007,
        "pixel_ap": 0.020141812162346496,
        "normal_count": 3744,
        "anomaly_count": 1286
    },
    "real_iad_fire_hood": {
        "image_auroc": 0.5796933477225061,
        "pixel_ap": 0.031417235666431835,
        "normal_count": 3665,
        "anomaly_count": 1340
    }
}