{
    "viaduct_43 paperclip": {
        "image_auroc": 0.35772005772005766,
        "pixel_ap": 0.04273416637918897,
        "normal_count": 110,
        "anomaly_count": 63
    },
    "real_iad_woodstick": {
        "image_auroc": 0.5585140244168626,
        "pixel_ap": 0.026003742852228555,
        "normal_count": 3922,
        "anomaly_count": 1063
    },
    "real_iad_mint": {
        "image_auroc": 0.5313457283547949,
        "pixel_ap": 0.0037062561139877847,
        "normal_count": 3196,
        "anomaly_count": 2089
    },
    "real_iad_toy": {
        "image_auroc": 0.5155717301290899,
        "pixel_ap": 0.0032815780244467635,
        "normal_count": 2825,
        "anomaly_count": 2180
    },
    "real_iad_bottle_cap": {
        "image_auroc": 0.5938408601977527,
        "pixel_ap": 0.06370644761535256,
        "normal_count": 3374,
        "anomaly_count": 1621
    }
}