{
    "viaduct_12 rotary encoder": {
        "image_auroc": 0.2768421052631579,
        "pixel_ap": 0.006299351257724504,
        "normal_count": 50,
        "anomaly_count": 19
    },
    "continual_ad_Ruler": {
        "image_auroc": 0.4928608266411258,
        "pixel_ap": 0.004335242858628179,
        "normal_count": 277,
        "anomaly_count": 490
    },
    "continual_ad_Flash-drive": {
        "image_auroc": 0.518897790162158,
        "pixel_ap": 0.04686134555158902,
        "normal_count": 522,
        "anomaly_count": 495
    },
    "btad_03": {
        "image_auroc": 0.3587096774193549,
        "pixel_ap": 0.015525133460431623,
        "normal_count": 400,
        "anomaly_count": 31
    },
    "real_iad_tape": {
        "image_auroc": 0.7168677292332349,
        "pixel_ap": 0.08143405122343936,
        "normal_count": 3647,
        "anomaly_count": 1433
    }
}