{
    "viaduct_12 rotary encoder": {
        "image_auroc": 0.2442105263157895,
        "pixel_ap": 0.00628694928154043,
        "normal_count": 50,
        "anomaly_count": 19
    },
    "continual_ad_Ruler": {
        "image_auroc": 0.4943417078022545,
        "pixel_ap": 0.004674861010952276,
        "normal_count": 277,
        "anomaly_count": 490
    },
    "continual_ad_Flash-drive": {
        "image_auroc": 0.5531212508224003,
        "pixel_ap": 0.04866220728892104,
        "normal_count": 522,
        "anomaly_count": 495
    },
    "btad_03": {
        "image_auroc": 0.33346774193548384,
        "pixel_ap": 0.012945236010329991,
        "normal_count": 400,
        "anomaly_count": 31
    },
    "real_iad_tape": {
        "image_auroc": 0.713954495382931,
        "pixel_ap": 0.0855066806314637,
        "normal_count": 3647,
        "anomaly_count": 1433
    }
}