{
    "viaduct_12 rotary encoder": {
        "image_auroc": 0.2863157894736842,
        "pixel_ap": 0.006574986752557402,
        "normal_count": 50,
        "anomaly_count": 19
    },
    "continual_ad_Ruler": {
        "image_auroc": 0.5166212333308775,
        "pixel_ap": 0.005051907498714814,
        "normal_count": 277,
        "anomaly_count": 490
    },
    "continual_ad_Flash-drive": {
        "image_auroc": 0.5319594411548435,
        "pixel_ap": 0.04673591982913222,
        "normal_count": 522,
        "anomaly_count": 495
    },
    "btad_03": {
        "image_auroc": 0.37717741935483867,
        "pixel_ap": 0.015999236353407224,
        "normal_count": 400,
        "anomaly_count": 31
    },
    "real_iad_tape": {
        "image_auroc": 0.7106147526162179,
        "pixel_ap": 0.07854017178376986,
        "normal_count": 3647,
        "anomaly_count": 1433
    }
}