{
    "viaduct_12 rotary encoder": {
        "image_auroc": 0.29894736842105263,
        "pixel_ap": 0.00630658741955612,
        "normal_count": 50,
        "anomaly_count": 19
    },
    "continual_ad_Ruler": {
        "image_auroc": 0.5072717895822589,
        "pixel_ap": 0.004844567761992958,
        "normal_count": 277,
        "anomaly_count": 490
    },
    "continual_ad_Flash-drive": {
        "image_auroc": 0.5449088587019622,
        "pixel_ap": 0.048441010354397684,
        "normal_count": 522,
        "anomaly_count": 495
    },
    "btad_03": {
        "image_auroc": 0.34512096774193546,
        "pixel_ap": 0.013689882621496436,
        "normal_count": 400,
        "anomaly_count": 31
    },
    "real_iad_tape": {
        "image_auroc": 0.7102940577109234,
        "pixel_ap": 0.08083133760182165,
        "normal_count": 3647,
        "anomaly_count": 1433
    }
}