{
    "continual_ad_Energy-bar": {
        "image_auroc": 0.5029722181720298,
        "pixel_ap": 0.09893910703435847,
        "normal_count": 329,
        "anomaly_count": 542
    },
    "continual_ad_Apple": {
        "image_auroc": 0.3905358159199934,
        "pixel_ap": 0.0550444905826845,
        "normal_count": 490,
        "anomaly_count": 502
    },
    "continual_ad_Kleenex": {
        "image_auroc": 0.5817357096981375,
        "pixel_ap": 0.032780917861077175,
        "normal_count": 480,
        "anomaly_count": 519
    },
    "continual_ad_Ruler": {
        "image_auroc": 0.5181094820599721,
        "pixel_ap": 0.00535991569872365,
        "normal_count": 277,
        "anomaly_count": 490
    },
    "continual_ad_Toothpaste": {
        "image_auroc": 0.4575418952203938,
        "pixel_ap": 0.012632395124299672,
        "normal_count": 513,
        "anomaly_count": 516
    },
    "continual_ad_Sunglasses": {
        "image_auroc": 0.4943243129615875,
        "pixel_ap": 0.03189719606586684,
        "normal_count": 499,
        "anomaly_count": 572
    },
    "continual_ad_Capsule": {
        "image_auroc": 0.4071758064580657,
        "pixel_ap": 0.037028411942858726,
        "normal_count": 507,
        "anomaly_count": 493
    },
    "continual_ad_Flash-drive": {
        "image_auroc": 0.5392971864236231,
        "pixel_ap": 0.051321965422164766,
        "normal_count": 522,
        "anomaly_count": 495
    },
    "continual_ad_Band-aid": {
        "image_auroc": 0.7876014842507603,
        "pixel_ap": 0.05692999368447262,
        "normal_count": 511,
        "anomaly_count": 491
    },
    "continual_ad_Cucumber": {
        "image_auroc": 0.43696369636963694,
        "pixel_ap": 0.014461589351388688,
        "normal_count": 505,
        "anomaly_count": 507
    },
    "continual_ad_Toothbrush": {
        "image_auroc": 0.42357012750455375,
        "pixel_ap": 0.007142978582964714,
        "normal_count": 500,
        "anomaly_count": 549
    },
    "continual_ad_Soap": {
        "image_auroc": 0.49738775404898117,
        "pixel_ap": 0.02705812840112073,
        "normal_count": 394,
        "anomaly_count": 787
    },
    "continual_ad_Dollar": {
        "image_auroc": 0.4736220839330275,
        "pixel_ap": 0.04010432198624824,
        "normal_count": 391,
        "anomaly_count": 494
    },
    "continual_ad_Pencil": {
        "image_auroc": 0.38700402530189765,
        "pixel_ap": 0.005185139857638981,
        "normal_count": 518,
        "anomaly_count": 517
    },
    "continual_ad_Fork": {
        "image_auroc": 0.3896804146052104,
        "pixel_ap": 0.02924148631677603,
        "normal_count": 537,
        "anomaly_count": 507
    },
    "continual_ad_Toy": {
        "image_auroc": 0.4941067956875221,
        "pixel_ap": 0.014106350713341756,
        "normal_count": 368,
        "anomaly_count": 492
    },
    "continual_ad_Multi-pen": {
        "image_auroc": 0.49916065962279055,
        "pixel_ap": 0.01004988382942,
        "normal_count": 494,
        "anomaly_count": 492
    },
    "continual_ad_Chopsticks": {
        "image_auroc": 0.4729930546865223,
        "pixel_ap": 0.013717813421051933,
        "normal_count": 488,
        "anomaly_count": 524
    },
    "mvtec_leather": {
        "image_auroc": 0.3323170731707317,
        "pixel_ap": 0.22262676316140154,
        "normal_count": 32,
        "anomaly_count": 82
    },
    "mvtec_hazelnut": {
        "image_auroc": 0.5041666666666667,
        "pixel_ap": 0.21184897242499817,
        "normal_count": 40,
        "anomaly_count": 60
    },
    "mvtec_pill": {
        "image_auroc": 0.49324721080446265,
        "pixel_ap": 0.05458463876751379,
        "normal_count": 26,
        "anomaly_count": 131
    },
    "mvtec_wood": {
        "image_auroc": 0.3221052631578948,
        "pixel_ap": 0.27086546502613346,
        "normal_count": 19,
        "anomaly_count": 50
    },
    "mvtec_screw": {
        "image_auroc": 0.47885432982770193,
        "pixel_ap": 0.023901624648072422,
        "normal_count": 41,
        "anomaly_count": 109
    },
    "mvtec_zipper": {
        "image_auroc": 0.5341169724770642,
        "pixel_ap": 0.18380285630118118,
        "normal_count": 32,
        "anomaly_count": 109
    },
    "mvtec_grid": {
        "image_auroc": 0.5177304964539008,
        "pixel_ap": 0.09790149862063685,
        "normal_count": 21,
        "anomaly_count": 47
    },
    "mvtec_metal_nut": {
        "image_auroc": 0.6193866374589265,
        "pixel_ap": 0.13573850936443904,
        "normal_count": 22,
        "anomaly_count": 83
    },
    "mvtec_bottle": {
        "image_auroc": 0.3009433962264151,
        "pixel_ap": 0.22376558943849476,
        "normal_count": 20,
        "anomaly_count": 53
    },
    "visa_pcb4": {
        "image_auroc": 0.5974697469746975,
        "pixel_ap": 0.014838967346458135,
        "normal_count": 101,
        "anomaly_count": 90
    },
    "visa_candle": {
        "image_auroc": 0.4961111111111111,
        "pixel_ap": 0.013252994814283922,
        "normal_count": 100,
        "anomaly_count": 90
    },
    "visa_pipe_fryum": {
        "image_auroc": 0.748,
        "pixel_ap": 0.06220849979189211,
        "normal_count": 50,
        "anomaly_count": 90
    },
    "visa_cashew": {
        "image_auroc": 0.5088888888888888,
        "pixel_ap": 0.05052959758683447,
        "normal_count": 50,
        "anomaly_count": 90
    },
    "visa_chewinggum": {
        "image_auroc": 0.44133333333333336,
        "pixel_ap": 0.03599407194177845,
        "normal_count": 50,
        "anomaly_count": 90
    },
    "visa_pcb1": {
        "image_auroc": 0.6108888888888889,
        "pixel_ap": 0.012983862763185645,
        "normal_count": 100,
        "anomaly_count": 90
    },
    "visa_macaroni2": {
        "image_auroc": 0.6093333333333334,
        "pixel_ap": 0.008296227791540208,
        "normal_count": 100,
        "anomaly_count": 90
    },
    "viaduct_10 PCB": {
        "image_auroc": 0.46,
        "pixel_ap": 0.009641236803844168,
        "normal_count": 50,
        "anomaly_count": 45
    },
    "viaduct_43 paperclip": {
        "image_auroc": 0.4849927849927849,
        "pixel_ap": 0.038248278489762665,
        "normal_count": 110,
        "anomaly_count": 63
    },
    "viaduct_37 retractor": {
        "image_auroc": 0.5006837606837607,
        "pixel_ap": 0.015241667424234719,
        "normal_count": 180,
        "anomaly_count": 65
    },
    "viaduct_44 tack": {
        "image_auroc": 0.5509580291970803,
        "pixel_ap": 0.0662174720562802,
        "normal_count": 160,
        "anomaly_count": 137
    },
    "viaduct_39 self-tapping bolt": {
        "image_auroc": 0.5268367346938775,
        "pixel_ap": 0.03951819874961503,
        "normal_count": 140,
        "anomaly_count": 140
    },
    "viaduct_12 rotary encoder": {
        "image_auroc": 0.3589473684210527,
        "pixel_ap": 0.004418616732812683,
        "normal_count": 50,
        "anomaly_count": 19
    },
    "viaduct_06 coaxial t-adapter": {
        "image_auroc": 0.5952380952380952,
        "pixel_ap": 0.013131063705194991,
        "normal_count": 105,
        "anomaly_count": 14
    },
    "viaduct_19 strawberry": {
        "image_auroc": 0.4393650793650793,
        "pixel_ap": 0.0808728553966333,
        "normal_count": 175,
        "anomaly_count": 135
    },
    "viaduct_15 terminal block B": {
        "image_auroc": 0.5323076923076923,
        "pixel_ap": 0.004360770759127958,
        "normal_count": 65,
        "anomaly_count": 50
    },
    "viaduct_28 key": {
        "image_auroc": 0.4648148148148148,
        "pixel_ap": 0.08988057346040677,
        "normal_count": 90,
        "anomaly_count": 30
    },
    "viaduct_02 shredded corn fine": {
        "image_auroc": 0.7265892002734107,
        "pixel_ap": 0.15146281256088628,
        "normal_count": 110,
        "anomaly_count": 133
    },
    "viaduct_20 tea bag": {
        "image_auroc": 0.4693650793650794,