{
    "continual_ad_Energy-bar": {
        "image_auroc": 0.5088213192162316,
        "pixel_ap": 0.08928260904459229,
        "normal_count": 329,
        "anomaly_count": 542
    },
    "continual_ad_Apple": {
        "image_auroc": 0.3725709407268884,
        "pixel_ap": 0.05099860140103796,
        "normal_count": 490,
        "anomaly_count": 502
    },
    "continual_ad_Kleenex": {
        "image_auroc": 0.5574723025048169,
        "pixel_ap": 0.032029148605651335,
        "normal_count": 480,
        "anomaly_count": 519
    },
    "continual_ad_Ruler": {
        "image_auroc": 0.48791718853606425,
        "pixel_ap": 0.004311940162443182,
        "normal_count": 277,
        "anomaly_count": 490
    },
    "continual_ad_Toothpaste": {
        "image_auroc": 0.4474817534793055,
        "pixel_ap": 0.010584402188469256,
        "normal_count": 513,
        "anomaly_count": 516
    },
    "continual_ad_Sunglasses": {
        "image_auroc": 0.5010895917709545,
        "pixel_ap": 0.03340731654014085,
        "normal_count": 499,
        "anomaly_count": 572
    },
    "continual_ad_Capsule": {
        "image_auroc": 0.5133846233861836,
        "pixel_ap": 0.04072928876908462,
        "normal_count": 507,
        "anomaly_count": 493
    },
    "continual_ad_Flash-drive": {
        "image_auroc": 0.549270482603816,
        "pixel_ap": 0.04944901894182953,
        "normal_count": 522,
        "anomaly_count": 495
    },
    "continual_ad_Band-aid": {
        "image_auroc": 0.7900685927915791,
        "pixel_ap": 0.053277222630111906,
        "normal_count": 511,
        "anomaly_count": 491
    },
    "continual_ad_Cucumber": {
        "image_auroc": 0.40720604604839183,
        "pixel_ap": 0.017550347541283335,
        "normal_count": 505,
        "anomaly_count": 507
    },
    "continual_ad_Toothbrush": {
        "image_auroc": 0.42293260473588346,
        "pixel_ap": 0.007438815484858557,
        "normal_count": 500,
        "anomaly_count": 549
    },
    "continual_ad_Soap": {
        "image_auroc": 0.4972297292939196,
        "pixel_ap": 0.032463450168920494,
        "normal_count": 394,
        "anomaly_count": 787
    },
    "continual_ad_Dollar": {
        "image_auroc": 0.5234838522629612,
        "pixel_ap": 0.040320743714262954,
        "normal_count": 391,
        "anomaly_count": 494
    },
    "continual_ad_Pencil": {
        "image_auroc": 0.42521452095920176,
        "pixel_ap": 0.005223189692084123,
        "normal_count": 518,
        "anomaly_count": 517
    },
    "continual_ad_Fork": {
        "image_auroc": 0.38024821952625987,
        "pixel_ap": 0.03231194600930749,
        "normal_count": 537,
        "anomaly_count": 507
    },
    "continual_ad_Toy": {
        "image_auroc": 0.5649522799575822,
        "pixel_ap": 0.013408944652789514,
        "normal_count": 368,
        "anomaly_count": 492
    },
    "continual_ad_Multi-pen": {
        "image_auroc": 0.46433420558901944,
        "pixel_ap": 0.010021778476202042,
        "normal_count": 494,
        "anomaly_count": 492
    },
    "continual_ad_Chopsticks": {
        "image_auroc": 0.4500336315855338,
        "pixel_ap": 0.013004395185077941,
        "normal_count": 488,
        "anomaly_count": 524
    },
    "mvtec_leather": {
        "image_auroc": 0.28696646341463417,
        "pixel_ap": 0.2693292242951192,
        "normal_count": 32,
        "anomaly_count": 82
    },
    "mvtec_hazelnut": {
        "image_auroc": 0.5933333333333334,
        "pixel_ap": 0.195054866064303,
        "normal_count": 40,
        "anomaly_count": 60
    },
    "mvtec_pill": {
        "image_auroc": 0.5117439812096302,
        "pixel_ap": 0.059468532704814066,
        "normal_count": 26,
        "anomaly_count": 131
    },
    "mvtec_wood": {
        "image_auroc": 0.2894736842105263,
        "pixel_ap": 0.28873948456178244,
        "normal_count": 19,
        "anomaly_count": 50
    },
    "mvtec_screw": {
        "image_auroc": 0.441933318415753,
        "pixel_ap": 0.025140952092276556,
        "normal_count": 41,
        "anomaly_count": 109
    },
    "mvtec_zipper": {
        "image_auroc": 0.564506880733945,
        "pixel_ap": 0.18302697868639972,
        "normal_count": 32,
        "anomaly_count": 109
    },
    "mvtec_grid": {
        "image_auroc": 0.5217831813576495,
        "pixel_ap": 0.1258781002356534,
        "normal_count": 21,
        "anomaly_count": 47
    },
    "mvtec_metal_nut": {
        "image_auroc": 0.49561883899233294,
        "pixel_ap": 0.13765260514378264,
        "normal_count": 22,
        "anomaly_count": 83
    },
    "mvtec_bottle": {
        "image_auroc": 0.32924528301886796,
        "pixel_ap": 0.2154432630832253,
        "normal_count": 20,
        "anomaly_count": 53
    },
    "visa_pcb4": {
        "image_auroc": 0.5796479647964796,
        "pixel_ap": 0.014649088772877808,
        "normal_count": 101,
        "anomaly_count": 90
    },
    "visa_candle": {
        "image_auroc": 0.4696666666666667,
        "pixel_ap": 0.01724387434781526,
        "normal_count": 100,
        "anomaly_count": 90
    },
    "visa_pipe_fryum": {
        "image_auroc": 0.7233333333333333,
        "pixel_ap": 0.07525518534888093,
        "normal_count": 50,
        "anomaly_count": 90
    },
    "visa_cashew": {
        "image_auroc": 0.5404444444444445,
        "pixel_ap": 0.04764314750884504,
        "normal_count": 50,
        "anomaly_count": 90
    },
    "visa_chewinggum": {
        "image_auroc": 0.5611111111111111,
        "pixel_ap": 0.04619655218791394,
        "normal_count": 50,
        "anomaly_count": 90
    },
    "visa_pcb1": {
        "image_auroc": 0.6716666666666666,
        "pixel_ap": 0.013908513282576408,
        "normal_count": 100,
        "anomaly_count": 90
    },
    "visa_macaroni2": {
        "image_auroc": 0.5984444444444443,
        "pixel_ap": 0.006297378786997181,
        "normal_count": 100,
        "anomaly_count": 90
    },
    "viaduct_10 PCB": {
        "image_auroc": 0.5044444444444445,
        "pixel_ap": 0.00964591160262803,
        "normal_count": 50,
        "anomaly_count": 45
    },
    "viaduct_43 paperclip": {
        "image_auroc": 0.39292929292929296,
        "pixel_ap": 0.03925588571580969,
        "normal_count": 110,
        "anomaly_count": 63
    },
    "viaduct_37 retractor": {
        "image_auroc": 0.532051282051282,
        "pixel_ap": 0.014149834425529117,
        "normal_count": 180,
        "anomaly_count": 65
    },
    "viaduct_44 tack": {
        "image_auroc": 0.5103558394160583,
        "pixel_ap": 0.06255617348103373,
        "normal_count": 160,
        "anomaly_count": 137
    },
    "viaduct_39 self-tapping bolt": {
        "image_auroc": 0.535765306122449,
        "pixel_ap": 0.04547388920609762,
        "normal_count": 140,
        "anomaly_count": 140
    },
    "viaduct_12 rotary encoder": {
        "image_auroc": 0.31157894736842107,
        "pixel_ap": 0.004448432762490655,
        "normal_count": 50,
        "anomaly_count": 19
    },
    "viaduct_06 coaxial t-adapter": {
        "image_auroc": 0.5129251700680273,
        "pixel_ap": 0.022883800414187187,
        "normal_count": 105,
        "anomaly_count": 14
    },
    "viaduct_19 strawberry": {
        "image_auroc": 0.4022857142857143,
        "pixel_ap": 0.08640813085809936,
        "normal_count": 175,
        "anomaly_count": 135
    },
    "viaduct_15 terminal block B": {
        "image_auroc": 0.45599999999999996,
        "pixel_ap": 0.004326344224621357,
        "normal_count": 65,
        "anomaly_count": 50
    },
    "viaduct_28 key": {
        "image_auroc": 0.3781481481481481,
        "pixel_ap": 0.08912782479387793,
        "normal_count": 90,
        "anomaly_count": 30
    },
    "viaduct_02 shredded corn fine": {
        "image_auroc": 0.6884483937115518,
        "pixel_ap": 0.15702858599270805,
        "normal_count": 110,
        "anomaly_count": 133
    },