{
    "viaduct_14 terminal block A": {
        "image_auroc": 0.4761904761904762,
        "pixel_ap": 0.0036762976931249687,
        "normal_count": 105,
        "anomaly_count": 75
    },
    "continual_ad_Mouse": {
        "image_auroc": 0.5806439638161108,
        "pixel_ap": 0.10695810357811929,
        "normal_count": 517,
        "anomaly_count": 495
    },
    "viaduct_00 shredded corn rough": {
        "image_auroc": 0.6565384615384615,
        "pixel_ap": 0.13018744567370147,
        "normal_count": 80,
        "anomaly_count": 130
    },
    "mpdd_bracket_black": {
        "image_auroc": 0.4130067567567567,
        "pixel_ap": 0.005917444043884394,
        "normal_count": 32,
        "anomaly_count": 37
    },
    "real_iad_u_block": {
        "image_auroc": 0.6295173814316943,
        "pixel_ap": 0.02922079438672338,
        "normal_count": 3766,
        "anomaly_count": 1204
    }
}