{
    "viaduct_14 terminal block A": {
        "image_auroc": 0.485968253968254,
        "pixel_ap": 0.003673452878865315,
        "normal_count": 105,
        "anomaly_count": 75
    },
    "continual_ad_Mouse": {
        "image_auroc": 0.5820135591895746,
        "pixel_ap": 0.10540829128669947,
        "normal_count": 517,
        "anomaly_count": 495
    },
    "viaduct_00 shredded corn rough": {
        "image_auroc": 0.6702884615384616,
        "pixel_ap": 0.1389332911800414,
        "normal_count": 80,
        "anomaly_count": 130
    },
    "mpdd_bracket_black": {
        "image_auroc": 0.4163851351351352,
        "pixel_ap": 0.005863845086991109,
        "normal_count": 32,
        "anomaly_count": 37
    },
    "real_iad_u_block": {
        "image_auroc": 0.624514474675493,
        "pixel_ap": 0.027398005302065327,
        "normal_count": 3766,
        "anomaly_count": 1204
    }
}