{
    "viaduct_40 surgical mask": {
        "image_auroc": 0.5340301974448316,
        "pixel_ap": 0.0003596456776330101,
        "normal_count": 105,
        "anomaly_count": 123
    },
    "viaduct_23 pipe clamp": {
        "image_auroc": 0.5652631578947368,
        "pixel_ap": 0.04859156417301793,
        "normal_count": 50,
        "anomaly_count": 19
    },
    "mpdd_bracket_brown": {
        "image_auroc": 0.7148217636022514,
        "pixel_ap": 0.05721880821677509,
        "normal_count": 26,
        "anomaly_count": 41
    },
    "continual_ad_Calculator": {
        "image_auroc": 0.6227509881422925,
        "pixel_ap": 0.008438615744190123,
        "normal_count": 506,
        "anomaly_count": 500
    },
    "viaduct_14 terminal block A": {
        "image_auroc": 0.4676825396825397,
        "pixel_ap": 0.003503969775288207,
        "normal_count": 105,
        "anomaly_count": 75
    }
}