{
    "viaduct_46 damper small": {
        "image_auroc": 0.4214743589743589,
        "pixel_ap": 0.06572953797865705,
        "normal_count": 65,
        "anomaly_count": 48
    },
    "viaduct_36 redon needle": {
        "image_auroc": 0.6291887125220459,
        "pixel_ap": 0.015893578548100327,
        "normal_count": 180,
        "anomaly_count": 63
    },
    "viaduct_13 socket housing": {
        "image_auroc": 0.5295857988165681,
        "pixel_ap": 0.01308144184372959,
        "normal_count": 65,
        "anomaly_count": 52
    },
    "viaduct_04 battery tray": {
        "image_auroc": 0.5764102564102564,
        "pixel_ap": 0.0027734261763930597,
        "normal_count": 65,
        "anomaly_count": 30
    },
    "viaduct_15 terminal block B": {
        "image_auroc": 0.5086153846153846,
        "pixel_ap": 0.004488217963619964,
        "normal_count": 65,
        "anomaly_count": 50
    },
    "viaduct_37 retractor": {
        "image_auroc": 0.4995726495726496,
        "pixel_ap": 0.012016724531154304,
        "normal_count": 180,
        "anomaly_count": 65
    },
    "viaduct_02 shredded corn fine": {
        "image_auroc": 0.6842105263157895,
        "pixel_ap": 0.14935028148254018,
        "normal_count": 110,
        "anomaly_count": 133
    },
    "viaduct_26 hose screw fitting": {
        "image_auroc": 0.5084210526315789,
        "pixel_ap": 0.006180743816762896,
        "normal_count": 50,
        "anomaly_count": 19
    },
    "viaduct_29 threaded fitting": {
        "image_auroc": 0.45035842293906814,
        "pixel_ap": 0.009794499703057758,
        "normal_count": 90,
        "anomaly_count": 62
    },
    "viaduct_23 pipe clamp": {
        "image_auroc": 0.5084210526315789,
        "pixel_ap": 0.034209681250655856,
        "normal_count": 50,
        "anomaly_count": 19
    },
    "viaduct_18 raspberry": {
        "image_auroc": 0.4621148459383754,
        "pixel_ap": 0.06912381524666229,
        "normal_count": 170,
        "anomaly_count": 84
    },
    "viaduct_33 drill": {
        "image_auroc": 0.5507648953301127,
        "pixel_ap": 0.018764193640736254,
        "normal_count": 180,
        "anomaly_count": 138
    },
    "viaduct_09 joystick": {
        "image_auroc": 0.45140712945590994,
        "pixel_ap": 0.011663827689711113,
        "normal_count": 65,
        "anomaly_count": 41
    },
    "viaduct_03 3-pole socket housing": {
        "image_auroc": 0.5015603799185888,
        "pixel_ap": 0.04302610245305317,
        "normal_count": 110,
        "anomaly_count": 134
    },
    "viaduct_34 oblong pill": {
        "image_auroc": 0.5274859943977591,
        "pixel_ap": 0.0648748993818928,
        "normal_count": 105,
        "anomaly_count": 136
    },
    "viaduct_10 PCB": {
        "image_auroc": 0.4515555555555556,
        "pixel_ap": 0.011288829123697938,
        "normal_count": 50,
        "anomaly_count": 45
    },
    "viaduct_40 surgical mask": {
        "image_auroc": 0.5626016260162603,
        "pixel_ap": 0.00032394314715856613,
        "normal_count": 105,
        "anomaly_count": 123
    },
    "viaduct_05 cable end sleeve": {
        "image_auroc": 0.634047619047619,
        "pixel_ap": 0.008724760719523217,
        "normal_count": 210,
        "anomaly_count": 40
    },
    "viaduct_12 rotary encoder": {
        "image_auroc": 0.3894736842105263,
        "pixel_ap": 0.010202640462193442,
        "normal_count": 50,
        "anomaly_count": 19
    },
    "viaduct_42 aluminium plate": {
        "image_auroc": 0.4333333333333334,
        "pixel_ap": 0.029918212574525833,
        "normal_count": 20,
        "anomaly_count": 150
    },
    "viaduct_45 damper large": {
        "image_auroc": 0.5446153846153846,
        "pixel_ap": 0.06541140818149435,
        "normal_count": 65,
        "anomaly_count": 40
    },
    "viaduct_00 shredded corn rough": {
        "image_auroc": 0.6232692307692308,
        "pixel_ap": 0.1236115177016767,
        "normal_count": 80,
        "anomaly_count": 130
    },
    "viaduct_19 strawberry": {
        "image_auroc": 0.4075343915343916,
        "pixel_ap": 0.08506592000560276,
        "normal_count": 175,
        "anomaly_count": 135
    },
    "viaduct_14 terminal block A": {
        "image_auroc": 0.5173333333333333,
        "pixel_ap": 0.0033528090115699325,
        "normal_count": 105,
        "anomaly_count": 75
    },
    "viaduct_28 key": {
        "image_auroc": 0.31111111111111106,
        "pixel_ap": 0.10111083212767513,
        "normal_count": 90,
        "anomaly_count": 30
    },
    "viaduct_21 cylinder screw": {
        "image_auroc": 0.5166666666666666,
        "pixel_ap": 0.004536168550356727,
        "normal_count": 180,
        "anomaly_count": 22
    },
    "viaduct_22 device box": {
        "image_auroc": 0.3683333333333333,
        "pixel_ap": 0.0007924046904281437,
        "normal_count": 50,
        "anomaly_count": 36
    },
    "viaduct_07 d-sub connector": {
        "image_auroc": 0.4050751879699248,
        "pixel_ap": 0.0010399663113012988,
        "normal_count": 140,
        "anomaly_count": 38
    },
    "viaduct_01 shredded corn medium": {
        "image_auroc": 0.7832716927453769,
        "pixel_ap": 0.16615187359388167,
        "normal_count": 185,
        "anomaly_count": 95
    },
    "viaduct_41 white tablet": {
        "image_auroc": 0.5067999999999999,
        "pixel_ap": 0.0974242821637975,
        "normal_count": 50,
        "anomaly_count": 100
    },
    "viaduct_06 coaxial t-adapter": {
        "image_auroc": 0.6768707482993198,
        "pixel_ap": 0.015567171202265086,
        "normal_count": 105,
        "anomaly_count": 14
    },
    "viaduct_24 pan screw": {
        "image_auroc": 0.4866153846153846,
        "pixel_ap": 0.006371405081331346,
        "normal_count": 130,
        "anomaly_count": 100
    },
    "btad_02": {
        "image_auroc": 0.7578947368421052,
        "pixel_ap": 0.15811126347288268,
        "normal_count": 30,
        "anomaly_count": 190
    },
    "btad_03": {
        "image_auroc": 0.37806451612903225,
        "pixel_ap": 0.014927624716638525,
        "normal_count": 400,
        "anomaly_count": 31
    },
    "mpdd_connector": {
        "image_auroc": 0.25,
        "pixel_ap": 0.015824181287746097,
        "normal_count": 30,
        "anomaly_count": 4
    },
    "mpdd_tubes": {
        "image_auroc": 0.5185381355932204,
        "pixel_ap": 0.04797039493226963,
        "normal_count": 32,
        "anomaly_count": 59
    },
    "mpdd_bracket_brown": {
        "image_auroc": 0.702626641651032,
        "pixel_ap": 0.06244255306602798,
        "normal_count": 26,
        "anomaly_count": 41
    },
    "mpdd_bracket_black": {
        "image_auroc": 0.40033783783783783,
        "pixel_ap": 0.005599656079247881,
        "normal_count": 32,
        "anomaly_count": 37
    },
    "real_iad_sim_card_set": {
        "image_auroc": 0.4987103588826336,
        "pixel_ap": 0.019497066601945164,
        "normal_count": 2951,
        "anomaly_count": 2059
    },
    "real_iad_terminalblock": {
        "image_auroc": 0.44825176429727875,
        "pixel_ap": 0.005845003205336536,
        "normal_count": 3032,
        "anomaly_count": 1998
    },
    "real_iad_switch": {
        "image_auroc": 0.5129766794897592,
        "pixel_ap": 0.006230335345436426,
        "normal_count": 3046,
        "anomaly_count": 1984
    },
    "real_iad_bottle_cap": {
        "image_auroc": 0.5622700097673284,
        "pixel_ap": 0.03398065571027567,
        "normal_count": 3374,
        "anomaly_count": 1621
    },
    "real_iad_transistor1": {
        "image_auroc": 0.5535645109839725,
        "pixel_ap": 0.011766664569847566,
        "normal_count": 2873,
        "anomaly_count": 2107
    },
    "real_iad_phone_battery": {
        "image_auroc": 0.511463115372999,
        "pixel_ap": 0.008607955026635156,
        "normal_count": 3440,
        "anomaly_count": 1540
    },