{
    "viaduct_46 damper small": {
        "image_auroc": 0.43653846153846154,
        "pixel_ap": 0.06959702012706621,
        "normal_count": 65,
        "anomaly_count": 48
    },
    "viaduct_36 redon needle": {
        "image_auroc": 0.6433862433862434,
        "pixel_ap": 0.0198956644194727,
        "normal_count": 180,
        "anomaly_count": 63
    },
    "viaduct_13 socket housing": {
        "image_auroc": 0.5192307692307692,
        "pixel_ap": 0.013847143792122821,
        "normal_count": 65,
        "anomaly_count": 52
    },
    "viaduct_04 battery tray": {
        "image_auroc": 0.6046153846153846,
        "pixel_ap": 0.002708781305016839,
        "normal_count": 65,
        "anomaly_count": 30
    },
    "viaduct_15 terminal block B": {
        "image_auroc": 0.5329230769230768,
        "pixel_ap": 0.004138402444137666,
        "normal_count": 65,
        "anomaly_count": 50
    },
    "viaduct_37 retractor": {
        "image_auroc": 0.4705128205128205,
        "pixel_ap": 0.011743643803117803,
        "normal_count": 180,
        "anomaly_count": 65
    },
    "viaduct_02 shredded corn fine": {
        "image_auroc": 0.6760082023239917,
        "pixel_ap": 0.14882340632210184,
        "normal_count": 110,
        "anomaly_count": 133
    },
    "viaduct_26 hose screw fitting": {
        "image_auroc": 0.4610526315789473,
        "pixel_ap": 0.006583826671957196,
        "normal_count": 50,
        "anomaly_count": 19
    },
    "viaduct_29 threaded fitting": {
        "image_auroc": 0.4650537634408602,
        "pixel_ap": 0.009562884532284224,
        "normal_count": 90,
        "anomaly_count": 62
    },
    "viaduct_23 pipe clamp": {
        "image_auroc": 0.4547368421052631,
        "pixel_ap": 0.03565916350515296,
        "normal_count": 50,
        "anomaly_count": 19
    },
    "viaduct_18 raspberry": {
        "image_auroc": 0.4400560224089636,
        "pixel_ap": 0.06820253526292211,
        "normal_count": 170,
        "anomaly_count": 84
    },
    "viaduct_33 drill": {
        "image_auroc": 0.5697665056360708,
        "pixel_ap": 0.021957502481348975,
        "normal_count": 180,
        "anomaly_count": 138
    },
    "viaduct_09 joystick": {
        "image_auroc": 0.4615384615384615,
        "pixel_ap": 0.011127361295036718,
        "normal_count": 65,
        "anomaly_count": 41
    },
    "viaduct_03 3-pole socket housing": {
        "image_auroc": 0.5316146540027137,
        "pixel_ap": 0.04428057198349454,
        "normal_count": 110,
        "anomaly_count": 134
    },
    "viaduct_34 oblong pill": {
        "image_auroc": 0.5523109243697478,
        "pixel_ap": 0.07207918550531618,
        "normal_count": 105,
        "anomaly_count": 136
    },
    "viaduct_10 PCB": {
        "image_auroc": 0.47822222222222216,
        "pixel_ap": 0.011369964077915148,
        "normal_count": 50,
        "anomaly_count": 45
    },
    "viaduct_40 surgical mask": {
        "image_auroc": 0.5265969802555168,
        "pixel_ap": 0.0003451281242980047,
        "normal_count": 105,
        "anomaly_count": 123
    },
    "viaduct_05 cable end sleeve": {
        "image_auroc": 0.6139285714285715,
        "pixel_ap": 0.009341403334901294,
        "normal_count": 210,
        "anomaly_count": 40
    },
    "viaduct_12 rotary encoder": {
        "image_auroc": 0.35789473684210527,
        "pixel_ap": 0.009763776511912835,
        "normal_count": 50,
        "anomaly_count": 19
    },
    "viaduct_42 aluminium plate": {
        "image_auroc": 0.45266666666666666,
        "pixel_ap": 0.027916761225074492,
        "normal_count": 20,
        "anomaly_count": 150
    },
    "viaduct_45 damper large": {
        "image_auroc": 0.5611538461538461,
        "pixel_ap": 0.06962181063082781,
        "normal_count": 65,
        "anomaly_count": 40
    },
    "viaduct_00 shredded corn rough": {
        "image_auroc": 0.6107692307692308,
        "pixel_ap": 0.12289579356842072,
        "normal_count": 80,
        "anomaly_count": 130
    },
    "viaduct_19 strawberry": {
        "image_auroc": 0.3927195767195767,
        "pixel_ap": 0.08409136755944804,
        "normal_count": 175,
        "anomaly_count": 135
    },
    "viaduct_14 terminal block A": {
        "image_auroc": 0.5219047619047619,
        "pixel_ap": 0.002994910340518678,
        "normal_count": 105,
        "anomaly_count": 75
    },
    "viaduct_28 key": {
        "image_auroc": 0.3114814814814814,
        "pixel_ap": 0.09985940574699517,
        "normal_count": 90,
        "anomaly_count": 30
    },
    "viaduct_21 cylinder screw": {
        "image_auroc": 0.5113636363636364,
        "pixel_ap": 0.0047948641718036505,
        "normal_count": 180,
        "anomaly_count": 22
    },
    "viaduct_22 device box": {
        "image_auroc": 0.3516666666666667,
        "pixel_ap": 0.0006910876674905742,
        "normal_count": 50,
        "anomaly_count": 36
    },
    "viaduct_07 d-sub connector": {
        "image_auroc": 0.43721804511278195,
        "pixel_ap": 0.0012526960325624883,
        "normal_count": 140,
        "anomaly_count": 38
    },
    "viaduct_01 shredded corn medium": {
        "image_auroc": 0.7821337126600285,
        "pixel_ap": 0.15908048066060684,
        "normal_count": 185,
        "anomaly_count": 95
    },
    "viaduct_41 white tablet": {
        "image_auroc": 0.5044,
        "pixel_ap": 0.10471644533370428,
        "normal_count": 50,
        "anomaly_count": 100
    },
    "viaduct_06 coaxial t-adapter": {
        "image_auroc": 0.6251700680272109,
        "pixel_ap": 0.020963374767327368,
        "normal_count": 105,
        "anomaly_count": 14
    },
    "viaduct_24 pan screw": {
        "image_auroc": 0.47615384615384615,
        "pixel_ap": 0.005995454679989969,
        "normal_count": 130,
        "anomaly_count": 100
    },
    "btad_02": {
        "image_auroc": 0.7984210526315789,
        "pixel_ap": 0.1541956692319083,
        "normal_count": 30,
        "anomaly_count": 190
    },
    "btad_03": {
        "image_auroc": 0.394516129032258,
        "pixel_ap": 0.01693869794373606,
        "normal_count": 400,
        "anomaly_count": 31
    },
    "mpdd_connector": {
        "image_auroc": 0.2166666666666667,
        "pixel_ap": 0.0146603795708113,
        "normal_count": 30,
        "anomaly_count": 4
    },
    "mpdd_tubes": {
        "image_auroc": 0.5365466101694916,
        "pixel_ap": 0.04493883933302795,
        "normal_count": 32,
        "anomaly_count": 59
    },
    "mpdd_bracket_brown": {
        "image_auroc": 0.6463414634146342,
        "pixel_ap": 0.06029789465650354,
        "normal_count": 26,
        "anomaly_count": 41
    },
    "mpdd_bracket_black": {
        "image_auroc": 0.36064189189189194,
        "pixel_ap": 0.0054118288232342885,
        "normal_count": 32,
        "anomaly_count": 37
    },
    "real_iad_sim_card_set": {
        "image_auroc": 0.4778847779063871,
        "pixel_ap": 0.021203331256942647,
        "normal_count": 2951,
        "anomaly_count": 2059
    },
    "real_iad_terminalblock": {
        "image_auroc": 0.4577241324437894,
        "pixel_ap": 0.004976402151177446,
        "normal_count": 3032,
        "anomaly_count": 1998
    },
    "real_iad_switch": {
        "image_auroc": 0.5268643732923135,
        "pixel_ap": 0.0061217976416721095,
        "normal_count": 3046,
        "anomaly_count": 1984
    },
    "real_iad_bottle_cap": {
        "image_auroc": 0.6014470163572583,
        "pixel_ap": 0.04510118132126856,
        "normal_count": 3374,
        "anomaly_count": 1621
    },
    "real_iad_transistor1": {
        "image_auroc": 0.5637075526508939,
        "pixel_ap": 0.013002539803522499,
        "normal_count": 2873,
        "anomaly_count": 2107
    },
    "real_iad_phone_battery": {
        "image_auroc": 0.503143782090003,
        "pixel_ap": 0.007465276502970591,
        "normal_count": 3440,
        "anomaly_count": 1540
    },