{
    "viaduct_46 damper small": {
        "image_auroc": 0.4275641025641025,
        "pixel_ap": 0.060844681153282655,
        "normal_count": 65,
        "anomaly_count": 48
    },
    "viaduct_36 redon needle": {
        "image_auroc": 0.5972222222222222,
        "pixel_ap": 0.00854236242108424,
        "normal_count": 180,
        "anomaly_count": 63
    },
    "viaduct_13 socket housing": {
        "image_auroc": 0.4571005917159763,
        "pixel_ap": 0.013008799822650716,
        "normal_count": 65,
        "anomaly_count": 52
    },
    "viaduct_04 battery tray": {
        "image_auroc": 0.5405128205128206,
        "pixel_ap": 0.002442151766820813,
        "normal_count": 65,
        "anomaly_count": 30
    },
    "viaduct_15 terminal block B": {
        "image_auroc": 0.5424615384615384,
        "pixel_ap": 0.0042896390593329245,
        "normal_count": 65,
        "anomaly_count": 50
    },
    "viaduct_37 retractor": {
        "image_auroc": 0.40452991452991455,
        "pixel_ap": 0.009370023633058753,
        "normal_count": 180,
        "anomaly_count": 65
    },
    "viaduct_02 shredded corn fine": {
        "image_auroc": 0.6200956937799043,
        "pixel_ap": 0.10017984408007091,
        "normal_count": 110,
        "anomaly_count": 133
    },
    "viaduct_26 hose screw fitting": {
        "image_auroc": 0.49894736842105264,
        "pixel_ap": 0.005800959085842317,
        "normal_count": 50,
        "anomaly_count": 19
    },
    "viaduct_29 threaded fitting": {
        "image_auroc": 0.4460573476702509,
        "pixel_ap": 0.012386599283162452,
        "normal_count": 90,
        "anomaly_count": 62
    },
    "viaduct_23 pipe clamp": {
        "image_auroc": 0.631578947368421,
        "pixel_ap": 0.03126649377596097,
        "normal_count": 50,
        "anomaly_count": 19
    },
    "viaduct_18 raspberry": {
        "image_auroc": 0.39985994397759106,
        "pixel_ap": 0.06777606558043622,
        "normal_count": 170,
        "anomaly_count": 84
    },
    "viaduct_33 drill": {
        "image_auroc": 0.5369565217391304,
        "pixel_ap": 0.01245740541363378,
        "normal_count": 180,
        "anomaly_count": 138
    },
    "viaduct_09 joystick": {
        "image_auroc": 0.3943714821763602,
        "pixel_ap": 0.014241289430697277,
        "normal_count": 65,
        "anomaly_count": 41
    },
    "viaduct_03 3-pole socket housing": {
        "image_auroc": 0.46472184531886024,
        "pixel_ap": 0.04108682952119842,
        "normal_count": 110,
        "anomaly_count": 134
    },
    "viaduct_34 oblong pill": {
        "image_auroc": 0.42997198879551823,
        "pixel_ap": 0.03539158549717924,
        "normal_count": 105,
        "anomaly_count": 136
    },
    "viaduct_10 PCB": {
        "image_auroc": 0.4702222222222222,
        "pixel_ap": 0.006781763325094432,
        "normal_count": 50,
        "anomaly_count": 45
    },
    "viaduct_40 surgical mask": {
        "image_auroc": 0.6128532713898568,
        "pixel_ap": 0.0003017690803629168,
        "normal_count": 105,
        "anomaly_count": 123
    },
    "viaduct_05 cable end sleeve": {
        "image_auroc": 0.6963095238095237,
        "pixel_ap": 0.006624951982150889,
        "normal_count": 210,
        "anomaly_count": 40
    },
    "viaduct_12 rotary encoder": {
        "image_auroc": 0.4463157894736842,
        "pixel_ap": 0.012336669242800977,
        "normal_count": 50,
        "anomaly_count": 19
    },
    "viaduct_42 aluminium plate": {
        "image_auroc": 0.37333333333333335,
        "pixel_ap": 0.017913106523017655,
        "normal_count": 20,
        "anomaly_count": 150
    },
    "viaduct_45 damper large": {
        "image_auroc": 0.46115384615384625,
        "pixel_ap": 0.06507853312910375,
        "normal_count": 65,
        "anomaly_count": 40
    },
    "viaduct_00 shredded corn rough": {
        "image_auroc": 0.6576923076923077,
        "pixel_ap": 0.08084734953717901,
        "normal_count": 80,
        "anomaly_count": 130
    },
    "viaduct_19 strawberry": {
        "image_auroc": 0.2778412698412699,
        "pixel_ap": 0.07041819210394708,
        "normal_count": 175,
        "anomaly_count": 135
    },
    "viaduct_14 terminal block A": {
        "image_auroc": 0.48863492063492064,
        "pixel_ap": 0.0032334925593519885,
        "normal_count": 105,
        "anomaly_count": 75
    },
    "viaduct_28 key": {
        "image_auroc": 0.4014814814814815,
        "pixel_ap": 0.09479260358695103,
        "normal_count": 90,
        "anomaly_count": 30
    },
    "viaduct_21 cylinder screw": {
        "image_auroc": 0.5616161616161616,
        "pixel_ap": 0.005170377692877883,
        "normal_count": 180,
        "anomaly_count": 22
    },
    "viaduct_22 device box": {
        "image_auroc": 0.3516666666666667,
        "pixel_ap": 0.0009095539410939132,
        "normal_count": 50,
        "anomaly_count": 36
    },
    "viaduct_07 d-sub connector": {
        "image_auroc": 0.5295112781954887,
        "pixel_ap": 0.0010540392756638367,
        "normal_count": 140,
        "anomaly_count": 38
    },
    "viaduct_01 shredded corn medium": {
        "image_auroc": 0.7209672830725463,
        "pixel_ap": 0.09999026755856069,
        "normal_count": 185,
        "anomaly_count": 95
    },
    "viaduct_41 white tablet": {
        "image_auroc": 0.4526,
        "pixel_ap": 0.08881528998805881,
        "normal_count": 50,
        "anomaly_count": 100
    },
    "viaduct_06 coaxial t-adapter": {
        "image_auroc": 0.6380952380952382,
        "pixel_ap": 0.01094473826485924,
        "normal_count": 105,
        "anomaly_count": 14
    },
    "viaduct_24 pan screw": {
        "image_auroc": 0.48392307692307696,
        "pixel_ap": 0.007631575617516021,
        "normal_count": 130,
        "anomaly_count": 100
    },
    "btad_02": {
        "image_auroc": 0.6701754385964913,
        "pixel_ap": 0.13279661991326108,
        "normal_count": 30,
        "anomaly_count": 190
    },
    "btad_03": {
        "image_auroc": 0.46298387096774196,
        "pixel_ap": 0.007488855065522049,
        "normal_count": 400,
        "anomaly_count": 31
    },
    "mpdd_connector": {
        "image_auroc": 0.24166666666666664,
        "pixel_ap": 0.015992098614256104,
        "normal_count": 30,
        "anomaly_count": 4
    },
    "mpdd_tubes": {
        "image_auroc": 0.4777542372881356,
        "pixel_ap": 0.05717358137259338,
        "normal_count": 32,
        "anomaly_count": 59
    },
    "mpdd_bracket_brown": {
        "image_auroc": 0.6332082551594748,
        "pixel_ap": 0.05078438284992601,
        "normal_count": 26,
        "anomaly_count": 41
    },
    "mpdd_bracket_black": {
        "image_auroc": 0.34206081081081086,
        "pixel_ap": 0.003904010830252711,
        "normal_count": 32,
        "anomaly_count": 37
    },
    "real_iad_sim_card_set": {
        "image_auroc": 0.4953475159843248,
        "pixel_ap": 0.010388626789480725,
        "normal_count": 2951,
        "anomaly_count": 2059
    },
    "real_iad_terminalblock": {
        "image_auroc": 0.4434634172431006,
        "pixel_ap": 0.0047577387823353,
        "normal_count": 3032,
        "anomaly_count": 1998
    },
    "real_iad_switch": {
        "image_auroc": 0.4705577151684917,
        "pixel_ap": 0.005808668426255206,
        "normal_count": 3046,
        "anomaly_count": 1984
    },
    "real_iad_bottle_cap": {
        "image_auroc": 0.5483000058143213,
        "pixel_ap": 0.03115582338015538,
        "normal_count": 3374,
        "anomaly_count": 1621
    },
    "real_iad_transistor1": {
        "image_auroc": 0.5377592071643574,
        "pixel_ap": 0.0092738376866754,
        "normal_count": 2873,
        "anomaly_count": 2107
    },
    "real_iad_phone_battery": {
        "image_auroc": 0.5204746488976141,
        "pixel_ap": 0.0077605532400868765,
        "normal_count": 3440,
        "anomaly_count": 1540
    },