{
    "viaduct_46 damper small": {
        "image_auroc": 0.4307692307692308,
        "pixel_ap": 0.06135192511587799,
        "normal_count": 65,
        "anomaly_count": 48
    },
    "viaduct_36 redon needle": {
        "image_auroc": 0.560405643738977,
        "pixel_ap": 0.00887897783438391,
        "normal_count": 180,
        "anomaly_count": 63
    },
    "viaduct_13 socket housing": {
        "image_auroc": 0.5224852071005917,
        "pixel_ap": 0.012951743161829619,
        "normal_count": 65,
        "anomaly_count": 52
    },
    "viaduct_04 battery tray": {
        "image_auroc": 0.5487179487179488,
        "pixel_ap": 0.0026870958272582554,
        "normal_count": 65,
        "anomaly_count": 30
    },
    "viaduct_15 terminal block B": {
        "image_auroc": 0.5196923076923077,
        "pixel_ap": 0.004397948959884748,
        "normal_count": 65,
        "anomaly_count": 50
    },
    "viaduct_37 retractor": {
        "image_auroc": 0.45282051282051283,
        "pixel_ap": 0.011044215590290863,
        "normal_count": 180,
        "anomaly_count": 65
    },
    "viaduct_02 shredded corn fine": {
        "image_auroc": 0.6300751879699248,
        "pixel_ap": 0.1313668066175006,
        "normal_count": 110,
        "anomaly_count": 133
    },
    "viaduct_26 hose screw fitting": {
        "image_auroc": 0.45789473684210524,
        "pixel_ap": 0.005639902521250449,
        "normal_count": 50,
        "anomaly_count": 19
    },
    "viaduct_29 threaded fitting": {
        "image_auroc": 0.4363799283154123,
        "pixel_ap": 0.00932119150302173,
        "normal_count": 90,
        "anomaly_count": 62
    },
    "viaduct_23 pipe clamp": {
        "image_auroc": 0.623157894736842,
        "pixel_ap": 0.03146668991483181,
        "normal_count": 50,
        "anomaly_count": 19
    },
    "viaduct_18 raspberry": {
        "image_auroc": 0.4373949579831932,
        "pixel_ap": 0.06428267971611236,
        "normal_count": 170,
        "anomaly_count": 84
    },
    "viaduct_33 drill": {
        "image_auroc": 0.5254830917874396,
        "pixel_ap": 0.013784720007146188,
        "normal_count": 180,
        "anomaly_count": 138
    },
    "viaduct_09 joystick": {
        "image_auroc": 0.41538461538461535,
        "pixel_ap": 0.013568841379683371,
        "normal_count": 65,
        "anomaly_count": 41
    },
    "viaduct_03 3-pole socket housing": {
        "image_auroc": 0.5043419267299865,
        "pixel_ap": 0.04244841619700808,
        "normal_count": 110,
        "anomaly_count": 134
    },
    "viaduct_34 oblong pill": {
        "image_auroc": 0.4266806722689076,
        "pixel_ap": 0.03966679454738605,
        "normal_count": 105,
        "anomaly_count": 136
    },
    "viaduct_10 PCB": {
        "image_auroc": 0.43866666666666665,
        "pixel_ap": 0.008478411060856037,
        "normal_count": 50,
        "anomaly_count": 45
    },
    "viaduct_40 surgical mask": {
        "image_auroc": 0.5526132404181184,
        "pixel_ap": 0.00029581841109368307,
        "normal_count": 105,
        "anomaly_count": 123
    },
    "viaduct_05 cable end sleeve": {
        "image_auroc": 0.6546428571428571,
        "pixel_ap": 0.008688387486327257,
        "normal_count": 210,
        "anomaly_count": 40
    },
    "viaduct_12 rotary encoder": {
        "image_auroc": 0.4357894736842105,
        "pixel_ap": 0.010644463587037708,
        "normal_count": 50,
        "anomaly_count": 19
    },
    "viaduct_42 aluminium plate": {
        "image_auroc": 0.4166666666666667,
        "pixel_ap": 0.025499178381444255,
        "normal_count": 20,
        "anomaly_count": 150
    },
    "viaduct_45 damper large": {
        "image_auroc": 0.48,
        "pixel_ap": 0.06404566351460675,
        "normal_count": 65,
        "anomaly_count": 40
    },
    "viaduct_00 shredded corn rough": {
        "image_auroc": 0.6367307692307692,
        "pixel_ap": 0.1087969926638821,
        "normal_count": 80,
        "anomaly_count": 130
    },
    "viaduct_19 strawberry": {
        "image_auroc": 0.3420952380952381,
        "pixel_ap": 0.07962171725926975,
        "normal_count": 175,
        "anomaly_count": 135
    },
    "viaduct_14 terminal block A": {
        "image_auroc": 0.49536507936507934,
        "pixel_ap": 0.0033855446569115914,
        "normal_count": 105,
        "anomaly_count": 75
    },
    "viaduct_28 key": {
        "image_auroc": 0.32111111111111107,
        "pixel_ap": 0.10156069001296335,
        "normal_count": 90,
        "anomaly_count": 30
    },
    "viaduct_21 cylinder screw": {
        "image_auroc": 0.5141414141414142,
        "pixel_ap": 0.005082290426430365,
        "normal_count": 180,
        "anomaly_count": 22
    },
    "viaduct_22 device box": {
        "image_auroc": 0.39222222222222225,
        "pixel_ap": 0.0008229357197047902,
        "normal_count": 50,
        "anomaly_count": 36
    },
    "viaduct_07 d-sub connector": {
        "image_auroc": 0.42105263157894735,
        "pixel_ap": 0.0010615740539676188,
        "normal_count": 140,
        "anomaly_count": 38
    },
    "viaduct_01 shredded corn medium": {
        "image_auroc": 0.7423613086770982,
        "pixel_ap": 0.13853287845041873,
        "normal_count": 185,
        "anomaly_count": 95
    },
    "viaduct_41 white tablet": {
        "image_auroc": 0.5107999999999999,
        "pixel_ap": 0.06208494033162564,
        "normal_count": 50,
        "anomaly_count": 100
    },
    "viaduct_06 coaxial t-adapter": {
        "image_auroc": 0.5863945578231292,
        "pixel_ap": 0.011009305141822995,
        "normal_count": 105,
        "anomaly_count": 14
    },
    "viaduct_24 pan screw": {
        "image_auroc": 0.4936153846153846,
        "pixel_ap": 0.0064526364273684135,
        "normal_count": 130,
        "anomaly_count": 100
    },
    "btad_02": {
        "image_auroc": 0.6964912280701755,
        "pixel_ap": 0.13352612372762493,
        "normal_count": 30,
        "anomaly_count": 190
    },
    "btad_03": {
        "image_auroc": 0.45653225806451614,
        "pixel_ap": 0.010515935559844225,
        "normal_count": 400,
        "anomaly_count": 31
    },
    "mpdd_connector": {
        "image_auroc": 0.55,
        "pixel_ap": 0.014316245659373535,
        "normal_count": 30,
        "anomaly_count": 4
    },
    "mpdd_tubes": {
        "image_auroc": 0.4751059322033898,
        "pixel_ap": 0.04569424714355403,
        "normal_count": 32,
        "anomaly_count": 59
    },
    "mpdd_bracket_brown": {
        "image_auroc": 0.6810506566604128,
        "pixel_ap": 0.05228278553681491,
        "normal_count": 26,
        "anomaly_count": 41
    },
    "mpdd_bracket_black": {
        "image_auroc": 0.44594594594594594,
        "pixel_ap": 0.004401179190479492,
        "normal_count": 32,
        "anomaly_count": 37
    },
    "real_iad_sim_card_set": {
        "image_auroc": 0.49664686726324364,
        "pixel_ap": 0.014204659241830295,
        "normal_count": 2951,
        "anomaly_count": 2059
    },
    "real_iad_terminalblock": {
        "image_auroc": 0.4554455510919891,
        "pixel_ap": 0.005387227290712731,
        "normal_count": 3032,
        "anomaly_count": 1998
    },
    "real_iad_switch": {
        "image_auroc": 0.4919003207538178,
        "pixel_ap": 0.005998400890276556,
        "normal_count": 3046,
        "anomaly_count": 1984
    },
    "real_iad_bottle_cap": {
        "image_auroc": 0.5561252960641433,
        "pixel_ap": 0.027672576692546958,
        "normal_count": 3374,
        "anomaly_count": 1621
    },
    "real_iad_transistor1": {
        "image_auroc": 0.5151313862547908,
        "pixel_ap": 0.009774389950274668,
        "normal_count": 2873,
        "anomaly_count": 2107
    },
    "real_iad_phone_battery": {
        "image_auroc": 0.5162927552099064,
        "pixel_ap": 0.008291789843285909,
        "normal_count": 3440,
        "anomaly_count": 1540
    },
    "real_iad_zipper": {
        "image_auroc": 0.5962858054090282,