{
    "viaduct_46 damper small": {
        "image_auroc": 0.3647435897435897,
        "pixel_ap": 0.05831683351556128,
        "normal_count": 65,
        "anomaly_count": 48
    },
    "viaduct_36 redon needle": {
        "image_auroc": 0.6195767195767197,
        "pixel_ap": 0.007030360347225611,
        "normal_count": 180,
        "anomaly_count": 63
    },
    "viaduct_13 socket housing": {
        "image_auroc": 0.4671597633136095,
        "pixel_ap": 0.010624221880672436,
        "normal_count": 65,
        "anomaly_count": 52
    },
    "viaduct_04 battery tray": {
        "image_auroc": 0.5302564102564102,
        "pixel_ap": 0.0016093565660695085,
        "normal_count": 65,
        "anomaly_count": 30
    },
    "viaduct_15 terminal block B": {
        "image_auroc": 0.4809230769230769,
        "pixel_ap": 0.0031099176086735333,
        "normal_count": 65,
        "anomaly_count": 50
    },
    "viaduct_37 retractor": {
        "image_auroc": 0.4353846153846154,
        "pixel_ap": 0.008625932981965881,
        "normal_count": 180,
        "anomaly_count": 65
    },
    "viaduct_02 shredded corn fine": {
        "image_auroc": 0.5100478468899521,
        "pixel_ap": 0.04998861323447071,
        "normal_count": 110,
        "anomaly_count": 133
    },
    "viaduct_26 hose screw fitting": {
        "image_auroc": 0.5599999999999999,
        "pixel_ap": 0.005188584726724411,
        "normal_count": 50,
        "anomaly_count": 19
    },
    "viaduct_29 threaded fitting": {
        "image_auroc": 0.46648745519713264,
        "pixel_ap": 0.009219082755892834,
        "normal_count": 90,
        "anomaly_count": 62
    },
    "viaduct_23 pipe clamp": {
        "image_auroc": 0.6421052631578947,
        "pixel_ap": 0.024276222585226593,
        "normal_count": 50,
        "anomaly_count": 19
    },
    "viaduct_18 raspberry": {
        "image_auroc": 0.3464985994397759,
        "pixel_ap": 0.08000156828698861,
        "normal_count": 170,
        "anomaly_count": 84
    },
    "viaduct_33 drill": {
        "image_auroc": 0.5413043478260869,
        "pixel_ap": 0.010125869244092091,
        "normal_count": 180,
        "anomaly_count": 138
    },
    "viaduct_09 joystick": {
        "image_auroc": 0.5073170731707317,
        "pixel_ap": 0.017243788150892333,
        "normal_count": 65,
        "anomaly_count": 41
    },
    "viaduct_03 3-pole socket housing": {
        "image_auroc": 0.5595658073270013,
        "pixel_ap": 0.03231308050436555,
        "normal_count": 110,
        "anomaly_count": 134
    },
    "viaduct_34 oblong pill": {
        "image_auroc": 0.3483893557422969,
        "pixel_ap": 0.020192842038302496,
        "normal_count": 105,
        "anomaly_count": 136
    },
    "viaduct_10 PCB": {
        "image_auroc": 0.5373333333333333,
        "pixel_ap": 0.00316635475146816,
        "normal_count": 50,
        "anomaly_count": 45
    },
    "viaduct_40 surgical mask": {
        "image_auroc": 0.651413085559427,
        "pixel_ap": 0.00028518485983240776,
        "normal_count": 105,
        "anomaly_count": 123
    },
    "viaduct_05 cable end sleeve": {
        "image_auroc": 0.6327380952380952,
        "pixel_ap": 0.005547984087954939,
        "normal_count": 210,
        "anomaly_count": 40
    },
    "viaduct_12 rotary encoder": {
        "image_auroc": 0.5463157894736842,
        "pixel_ap": 0.011165696246369625,
        "normal_count": 50,
        "anomaly_count": 19
    },
    "viaduct_42 aluminium plate": {
        "image_auroc": 0.39033333333333337,
        "pixel_ap": 0.012316658043802818,
        "normal_count": 20,
        "anomaly_count": 150
    },
    "viaduct_45 damper large": {
        "image_auroc": 0.43,
        "pixel_ap": 0.06014830605005866,
        "normal_count": 65,
        "anomaly_count": 40
    },
    "viaduct_00 shredded corn rough": {
        "image_auroc": 0.6497115384615385,
        "pixel_ap": 0.04797585178196638,
        "normal_count": 80,
        "anomaly_count": 130
    },
    "viaduct_19 strawberry": {
        "image_auroc": 0.35017989417989415,
        "pixel_ap": 0.05175739757843618,
        "normal_count": 175,
        "anomaly_count": 135
    },
    "viaduct_14 terminal block A": {
        "image_auroc": 0.4546031746031746,
        "pixel_ap": 0.002502468490253545,
        "normal_count": 105,
        "anomaly_count": 75
    },
    "viaduct_28 key": {
        "image_auroc": 0.4166666666666667,
        "pixel_ap": 0.09504343010283997,
        "normal_count": 90,
        "anomaly_count": 30
    },
    "viaduct_21 cylinder screw": {
        "image_auroc": 0.5921717171717172,
        "pixel_ap": 0.0041944338631084875,
        "normal_count": 180,
        "anomaly_count": 22
    },
    "viaduct_22 device box": {
        "image_auroc": 0.3844444444444444,
        "pixel_ap": 0.0009703566574942524,
        "normal_count": 50,
        "anomaly_count": 36
    },
    "viaduct_07 d-sub connector": {
        "image_auroc": 0.5776315789473685,
        "pixel_ap": 0.0008115954329646845,
        "normal_count": 140,
        "anomaly_count": 38
    },
    "viaduct_01 shredded corn medium": {
        "image_auroc": 0.6030156472261735,
        "pixel_ap": 0.037444707163382177,
        "normal_count": 185,
        "anomaly_count": 95
    },
    "viaduct_41 white tablet": {
        "image_auroc": 0.3834,
        "pixel_ap": 0.058304284464838124,
        "normal_count": 50,
        "anomaly_count": 100
    },
    "viaduct_06 coaxial t-adapter": {
        "image_auroc": 0.4210884353741497,
        "pixel_ap": 0.009389742785331143,
        "normal_count": 105,
        "anomaly_count": 14
    },
    "viaduct_24 pan screw": {
        "image_auroc": 0.575076923076923,
        "pixel_ap": 0.008321225409336202,
        "normal_count": 130,
        "anomaly_count": 100
    },
    "btad_02": {
        "image_auroc": 0.6366666666666667,
        "pixel_ap": 0.07051679225138638,
        "normal_count": 30,
        "anomaly_count": 190
    },
    "btad_03": {
        "image_auroc": 0.6511290322580646,
        "pixel_ap": 0.0025262012046109988,
        "normal_count": 400,
        "anomaly_count": 31
    },
    "mpdd_connector": {
        "image_auroc": 0.30833333333333335,
        "pixel_ap": 0.009648015263874642,
        "normal_count": 30,
        "anomaly_count": 4
    },
    "mpdd_tubes": {
        "image_auroc": 0.673728813559322,
        "pixel_ap": 0.04666366834908651,
        "normal_count": 32,
        "anomaly_count": 59
    },
    "mpdd_bracket_brown": {
        "image_auroc": 0.5966228893058162,
        "pixel_ap": 0.04044835285389287,
        "normal_count": 26,
        "anomaly_count": 41
    },
    "mpdd_bracket_black": {
        "image_auroc": 0.27787162162162166,
        "pixel_ap": 0.003059735789447119,
        "normal_count": 32,
        "anomaly_count": 37
    },
    "real_iad_sim_card_set": {
        "image_auroc": 0.5580246338569633,
        "pixel_ap": 0.005598209933666503,
        "normal_count": 2951,
        "anomaly_count": 2059
    },
    "real_iad_terminalblock": {
        "image_auroc": 0.4427894253092142,
        "pixel_ap": 0.003561239358164357,
        "normal_count": 3032,
        "anomaly_count": 1998
    },
    "real_iad_switch": {
        "image_auroc": 0.4470916709910405,
        "pixel_ap": 0.004633425585400786,
        "normal_count": 3046,
        "anomaly_count": 1984
    },
    "real_iad_bottle_cap": {
        "image_auroc": 0.6264168751350733,
        "pixel_ap": 0.03222631692033346,
        "normal_count": 3374,
        "anomaly_count": 1621
    },
    "real_iad_transistor1": {
        "image_auroc": 0.4711176062553823,
        "pixel_ap": 0.0066241615024839095,
        "normal_count": 2873,
        "anomaly_count": 2107
    },
    "real_iad_phone_battery": {
        "image_auroc": 0.5070749962247054,
        "pixel_ap": 0.004226044676241957,
        "normal_count": 3440,
        "anomaly_count": 1540
    },
    "real_iad_zipper": {
        "image_auroc": 0.6568144782007341,