{
    "continual_ad_Energy-bar": {
        "image_auroc": 0.4802599849706704,
        "pixel_ap": 0.09344156564997183,
        "normal_count": 329,
        "anomaly_count": 542
    },
    "continual_ad_Apple": {
        "image_auroc": 0.36232823806813563,
        "pixel_ap": 0.049113393768972995,
        "normal_count": 490,
        "anomaly_count": 502
    },
    "continual_ad_Kleenex": {
        "image_auroc": 0.6081366409762364,
        "pixel_ap": 0.031133675285512235,
        "normal_count": 480,
        "anomaly_count": 519
    },
    "continual_ad_Ruler": {
        "image_auroc": 0.5224710822957342,
        "pixel_ap": 0.005043034016436606,
        "normal_count": 277,
        "anomaly_count": 490
    },
    "continual_ad_Toothpaste": {
        "image_auroc": 0.4677134805143781,
        "pixel_ap": 0.011830673601937403,
        "normal_count": 513,
        "anomaly_count": 516
    },
    "continual_ad_Sunglasses": {
        "image_auroc": 0.49516865899631435,
        "pixel_ap": 0.03229276037440969,
        "normal_count": 499,
        "anomaly_count": 572
    },
    "continual_ad_Capsule": {
        "image_auroc": 0.42532536377129915,
        "pixel_ap": 0.03815834294948839,
        "normal_count": 507,
        "anomaly_count": 493
    },
    "continual_ad_Flash-drive": {
        "image_auroc": 0.5097449591702465,
        "pixel_ap": 0.048493286304621665,
        "normal_count": 522,
        "anomaly_count": 495
    },
    "continual_ad_Band-aid": {
        "image_auroc": 0.7482911586641744,
        "pixel_ap": 0.039134482801185866,
        "normal_count": 511,
        "anomaly_count": 491
    },
    "continual_ad_Cucumber": {
        "image_auroc": 0.4012420176928935,
        "pixel_ap": 0.013357810881713133,
        "normal_count": 505,
        "anomaly_count": 507
    },
    "continual_ad_Toothbrush": {
        "image_auroc": 0.3986903460837887,
        "pixel_ap": 0.007019050463532132,
        "normal_count": 500,
        "anomaly_count": 549
    },
    "continual_ad_Soap": {
        "image_auroc": 0.46932707254303757,
        "pixel_ap": 0.027313859656845598,
        "normal_count": 394,
        "anomaly_count": 787
    },
    "continual_ad_Dollar": {
        "image_auroc": 0.5068494569100304,
        "pixel_ap": 0.03861592090388215,
        "normal_count": 391,
        "anomaly_count": 494
    },
    "continual_ad_Pencil": {
        "image_auroc": 0.38477853371470394,
        "pixel_ap": 0.005140387725402578,
        "normal_count": 518,
        "anomaly_count": 517
    },
    "continual_ad_Fork": {
        "image_auroc": 0.3961191365574692,
        "pixel_ap": 0.027955825840372185,
        "normal_count": 537,
        "anomaly_count": 507
    },
    "continual_ad_Toy": {
        "image_auroc": 0.49108563096500535,
        "pixel_ap": 0.013072527419829295,
        "normal_count": 368,
        "anomaly_count": 492
    },
    "continual_ad_Multi-pen": {
        "image_auroc": 0.47968713998880885,
        "pixel_ap": 0.009955903496802932,
        "normal_count": 494,
        "anomaly_count": 492
    },
    "continual_ad_Chopsticks": {
        "image_auroc": 0.47838975096984104,
        "pixel_ap": 0.01285274925630582,
        "normal_count": 488,
        "anomaly_count": 524
    },
    "mvtec_leather": {
        "image_auroc": 0.30602134146341464,
        "pixel_ap": 0.2151092406018955,
        "normal_count": 32,
        "anomaly_count": 82
    },
    "mvtec_hazelnut": {
        "image_auroc": 0.42666666666666664,
        "pixel_ap": 0.18327348409564825,
        "normal_count": 40,
        "anomaly_count": 60
    },
    "mvtec_pill": {
        "image_auroc": 0.48062243100411034,
        "pixel_ap": 0.050714786200899656,
        "normal_count": 26,
        "anomaly_count": 131
    },
    "mvtec_wood": {
        "image_auroc": 0.2715789473684211,
        "pixel_ap": 0.2423477995901767,
        "normal_count": 19,
        "anomaly_count": 50
    },
    "mvtec_screw": {
        "image_auroc": 0.5343477287983889,
        "pixel_ap": 0.022250523698598874,
        "normal_count": 41,
        "anomaly_count": 109
    },
    "mvtec_zipper": {
        "image_auroc": 0.27866972477064217,
        "pixel_ap": 0.16811990945811073,
        "normal_count": 32,
        "anomaly_count": 109
    },
    "mvtec_grid": {
        "image_auroc": 0.46403242147923,
        "pixel_ap": 0.0684742475787787,
        "normal_count": 21,
        "anomaly_count": 47
    },
    "mvtec_metal_nut": {
        "image_auroc": 0.6035049288061336,
        "pixel_ap": 0.12564602920098125,
        "normal_count": 22,
        "anomaly_count": 83
    },
    "mvtec_bottle": {
        "image_auroc": 0.24716981132075472,
        "pixel_ap": 0.14536500793527252,
        "normal_count": 20,
        "anomaly_count": 53
    },
    "visa_pcb4": {
        "image_auroc": 0.5518151815181518,
        "pixel_ap": 0.014500928958611992,
        "normal_count": 101,
        "anomaly_count": 90
    },
    "visa_candle": {
        "image_auroc": 0.44966666666666666,
        "pixel_ap": 0.010324005167549659,
        "normal_count": 100,
        "anomaly_count": 90
    },
    "visa_pipe_fryum": {
        "image_auroc": 0.6502222222222223,
        "pixel_ap": 0.04666619749636134,
        "normal_count": 50,
        "anomaly_count": 90
    },
    "visa_cashew": {
        "image_auroc": 0.42666666666666664,
        "pixel_ap": 0.04354305841396141,
        "normal_count": 50,
        "anomaly_count": 90
    },
    "visa_chewinggum": {
        "image_auroc": 0.44999999999999996,
        "pixel_ap": 0.029625246372002544,
        "normal_count": 50,
        "anomaly_count": 90
    },
    "visa_pcb1": {
        "image_auroc": 0.569,
        "pixel_ap": 0.01350884132252003,
        "normal_count": 100,
        "anomaly_count": 90
    },
    "visa_macaroni2": {
        "image_auroc": 0.5806666666666667,
        "pixel_ap": 0.006141802613220724,
        "normal_count": 100,
        "anomaly_count": 90
    },
    "viaduct_10 PCB": {
        "image_auroc": 0.4622222222222222,
        "pixel_ap": 0.008539842601573266,
        "normal_count": 50,
        "anomaly_count": 45
    },
    "viaduct_43 paperclip": {
        "image_auroc": 0.4499278499278499,
        "pixel_ap": 0.039289178430033427,
        "normal_count": 110,
        "anomaly_count": 63
    },
    "viaduct_37 retractor": {
        "image_auroc": 0.4813675213675214,
        "pixel_ap": 0.013108899573026784,
        "normal_count": 180,
        "anomaly_count": 65
    },
    "viaduct_44 tack": {
        "image_auroc": 0.5579379562043796,
        "pixel_ap": 0.06914163489337337,
        "normal_count": 160,
        "anomaly_count": 137
    },
    "viaduct_39 self-tapping bolt": {
        "image_auroc": 0.49127551020408167,
        "pixel_ap": 0.041653447271261114,
        "normal_count": 140,
        "anomaly_count": 140
    },
    "viaduct_12 rotary encoder": {
        "image_auroc": 0.35789473684210527,
        "pixel_ap": 0.004545053222346469,
        "normal_count": 50,
        "anomaly_count": 19
    },
    "viaduct_06 coaxial t-adapter": {
        "image_auroc": 0.6265306122448979,
        "pixel_ap": 0.012177496614322533,
        "normal_count": 105,
        "anomaly_count": 14
    },
    "viaduct_19 strawberry": {
        "image_auroc": 0.3933121693121693,
        "pixel_ap": 0.07997265214122451,
        "normal_count": 175,
        "anomaly_count": 135
    },
    "viaduct_15 terminal block B": {
        "image_auroc": 0.536923076923077,
        "pixel_ap": 0.004364106871903762,
        "normal_count": 65,
        "anomaly_count": 50
    },
    "viaduct_28 key": {
        "image_auroc": 0.45074074074074066,
        "pixel_ap": 0.10438166605284689,
        "normal_count": 90,
        "anomaly_count": 30
    },
    "viaduct_02 shredded corn fine": {
        "image_auroc": 0.7107313738892685,
        "pixel_ap": 0.14953758483296686,
        "normal_count": 110,
        "anomaly_count": 133
    },