{
    "continual_ad_Energy-bar": {
        "image_auroc": 0.49256665059051813,
        "pixel_ap": 0.09350202100756452,
        "normal_count": 329,
        "anomaly_count": 542
    },
    "continual_ad_Apple": {
        "image_auroc": 0.3582750630132531,
        "pixel_ap": 0.05215005975851556,
        "normal_count": 490,
        "anomaly_count": 502
    },
    "continual_ad_Kleenex": {
        "image_auroc": 0.576055716120745,
        "pixel_ap": 0.0317761212692314,
        "normal_count": 480,
        "anomaly_count": 519
    },
    "continual_ad_Ruler": {
        "image_auroc": 0.504965740808959,
        "pixel_ap": 0.004869505845004839,
        "normal_count": 277,
        "anomaly_count": 490
    },
    "continual_ad_Toothpaste": {
        "image_auroc": 0.43888737778986664,
        "pixel_ap": 0.010803382789564817,
        "normal_count": 513,
        "anomaly_count": 516
    },
    "continual_ad_Sunglasses": {
        "image_auroc": 0.5115685917289123,
        "pixel_ap": 0.03344315654040574,
        "normal_count": 499,
        "anomaly_count": 572
    },
    "continual_ad_Capsule": {
        "image_auroc": 0.5246948401886771,
        "pixel_ap": 0.045681357358425816,
        "normal_count": 507,
        "anomaly_count": 493
    },
    "continual_ad_Flash-drive": {
        "image_auroc": 0.5398080421068927,
        "pixel_ap": 0.04721922173961456,
        "normal_count": 522,
        "anomaly_count": 495
    },
    "continual_ad_Band-aid": {
        "image_auroc": 0.8049071147584107,
        "pixel_ap": 0.05969979739689045,
        "normal_count": 511,
        "anomaly_count": 491
    },
    "continual_ad_Cucumber": {
        "image_auroc": 0.39139961333411455,
        "pixel_ap": 0.01845128528032162,
        "normal_count": 505,
        "anomaly_count": 507
    },
    "continual_ad_Toothbrush": {
        "image_auroc": 0.4021803278688525,
        "pixel_ap": 0.007278149345966165,
        "normal_count": 500,
        "anomaly_count": 549
    },
    "continual_ad_Soap": {
        "image_auroc": 0.49571398164332847,
        "pixel_ap": 0.033165889615594676,
        "normal_count": 394,
        "anomaly_count": 787
    },
    "continual_ad_Dollar": {
        "image_auroc": 0.5198287376911688,
        "pixel_ap": 0.04070926222191748,
        "normal_count": 391,
        "anomaly_count": 494
    },
    "continual_ad_Pencil": {
        "image_auroc": 0.42561406391193624,
        "pixel_ap": 0.005522000919982613,
        "normal_count": 518,
        "anomaly_count": 517
    },
    "continual_ad_Fork": {
        "image_auroc": 0.37943649245754957,
        "pixel_ap": 0.03284983224019546,
        "normal_count": 537,
        "anomaly_count": 507
    },
    "continual_ad_Toy": {
        "image_auroc": 0.5524754772004242,
        "pixel_ap": 0.013225387661569957,
        "normal_count": 368,
        "anomaly_count": 492
    },
    "continual_ad_Multi-pen": {
        "image_auroc": 0.46049340048056353,
        "pixel_ap": 0.009771390644204129,
        "normal_count": 494,
        "anomaly_count": 492
    },
    "continual_ad_Chopsticks": {
        "image_auroc": 0.4707502972093605,
        "pixel_ap": 0.013507389323073816,
        "normal_count": 488,
        "anomaly_count": 524
    },
    "mvtec_leather": {
        "image_auroc": 0.3136432926829269,
        "pixel_ap": 0.2697383622538624,
        "normal_count": 32,
        "anomaly_count": 82
    },
    "mvtec_hazelnut": {
        "image_auroc": 0.5904166666666666,
        "pixel_ap": 0.20193162887387092,
        "normal_count": 40,
        "anomaly_count": 60
    },
    "mvtec_pill": {
        "image_auroc": 0.4991192014092778,
        "pixel_ap": 0.05680346053515199,
        "normal_count": 26,
        "anomaly_count": 131
    },
    "mvtec_wood": {
        "image_auroc": 0.3336842105263158,
        "pixel_ap": 0.28173622860513936,
        "normal_count": 19,
        "anomaly_count": 50
    },
    "mvtec_screw": {
        "image_auroc": 0.4683374356679347,
        "pixel_ap": 0.028340605196519604,
        "normal_count": 41,
        "anomaly_count": 109
    },
    "mvtec_zipper": {
        "image_auroc": 0.43721330275229364,
        "pixel_ap": 0.18678494833832823,
        "normal_count": 32,
        "anomaly_count": 109
    },
    "mvtec_grid": {
        "image_auroc": 0.5075987841945289,
        "pixel_ap": 0.13432188306589826,
        "normal_count": 21,
        "anomaly_count": 47
    },
    "mvtec_metal_nut": {
        "image_auroc": 0.5208105147864184,
        "pixel_ap": 0.13770695910654046,
        "normal_count": 22,
        "anomaly_count": 83
    },
    "mvtec_bottle": {
        "image_auroc": 0.33018867924528295,
        "pixel_ap": 0.20801347853646543,
        "normal_count": 20,
        "anomaly_count": 53
    },
    "visa_pcb4": {
        "image_auroc": 0.5969196919691969,
        "pixel_ap": 0.013434905472957765,
        "normal_count": 101,
        "anomaly_count": 90
    },
    "visa_candle": {
        "image_auroc": 0.48733333333333334,
        "pixel_ap": 0.017215119087610645,
        "normal_count": 100,
        "anomaly_count": 90
    },
    "visa_pipe_fryum": {
        "image_auroc": 0.7433333333333332,
        "pixel_ap": 0.07152631066392169,
        "normal_count": 50,
        "anomaly_count": 90
    },
    "visa_cashew": {
        "image_auroc": 0.5431111111111111,
        "pixel_ap": 0.04485873725184158,
        "normal_count": 50,
        "anomaly_count": 90
    },
    "visa_chewinggum": {
        "image_auroc": 0.5393333333333332,
        "pixel_ap": 0.04113968181870255,
        "normal_count": 50,
        "anomaly_count": 90
    },
    "visa_pcb1": {
        "image_auroc": 0.7007777777777778,
        "pixel_ap": 0.012514085437569095,
        "normal_count": 100,
        "anomaly_count": 90
    },
    "visa_macaroni2": {
        "image_auroc": 0.6198888888888888,
        "pixel_ap": 0.005270167424441427,
        "normal_count": 100,
        "anomaly_count": 90
    },
    "real_iad_toy": {
        "image_auroc": 0.5308769992693025,
        "pixel_ap": 0.0038387501773535153,
        "normal_count": 2825,
        "anomaly_count": 2180
    },
    "viaduct_10 PCB": {
        "image_auroc": 0.492,
        "pixel_ap": 0.00976423196490372,
        "normal_count": 50,
        "anomaly_count": 45
    },
    "viaduct_43 paperclip": {
        "image_auroc": 0.42366522366522363,
        "pixel_ap": 0.03823727676598396,
        "normal_count": 110,
        "anomaly_count": 63
    },
    "viaduct_37 retractor": {
        "image_auroc": 0.5407692307692308,
        "pixel_ap": 0.013824738387760362,
        "normal_count": 180,
        "anomaly_count": 65
    },
    "viaduct_44 tack": {
        "image_auroc": 0.5270529197080293,
        "pixel_ap": 0.06529940054476871,
        "normal_count": 160,
        "anomaly_count": 137
    },
    "viaduct_39 self-tapping bolt": {
        "image_auroc": 0.558265306122449,
        "pixel_ap": 0.04411752391537311,
        "normal_count": 140,
        "anomaly_count": 140
    },
    "viaduct_12 rotary encoder": {
        "image_auroc": 0.3315789473684211,
        "pixel_ap": 0.004403058048868778,
        "normal_count": 50,
        "anomaly_count": 19
    },
    "viaduct_06 coaxial t-adapter": {
        "image_auroc": 0.48707482993197276,
        "pixel_ap": 0.014991907012944467,
        "normal_count": 105,
        "anomaly_count": 14
    },
    "viaduct_19 strawberry": {
        "image_auroc": 0.40021164021164024,
        "pixel_ap": 0.08580457423391735,
        "normal_count": 175,
        "anomaly_count": 135
    },
    "viaduct_15 terminal block B": {
        "image_auroc": 0.46184615384615385,
        "pixel_ap": 0.004393989109543577,
        "normal_count": 65,
        "anomaly_count": 50
    },
    "viaduct_28 key": {
        "image_auroc": 0.3907407407407407,
        "pixel_ap": 0.08855224461750308,
        "normal_count": 90,
        "anomaly_count": 30
    },