{
    "continual_ad_Energy-bar": {
        "image_auroc": 0.47386691192139885,
        "pixel_ap": 0.094516265261639,
        "normal_count": 329,
        "anomaly_count": 542
    },
    "continual_ad_Apple": {
        "image_auroc": 0.3593584844296285,
        "pixel_ap": 0.04917925593571416,
        "normal_count": 490,
        "anomaly_count": 502
    },
    "continual_ad_Kleenex": {
        "image_auroc": 0.6088752408477842,
        "pixel_ap": 0.03312676802598564,
        "normal_count": 480,
        "anomaly_count": 519
    },
    "continual_ad_Ruler": {
        "image_auroc": 0.5201576659544684,
        "pixel_ap": 0.00478415583105029,
        "normal_count": 277,
        "anomaly_count": 490
    },
    "continual_ad_Toothpaste": {
        "image_auroc": 0.4642625081221573,
        "pixel_ap": 0.011247701721474403,
        "normal_count": 513,
        "anomaly_count": 516
    },
    "continual_ad_Sunglasses": {
        "image_auroc": 0.5097327522177221,
        "pixel_ap": 0.030763475939580266,
        "normal_count": 499,
        "anomaly_count": 572
    },
    "continual_ad_Capsule": {
        "image_auroc": 0.4498341674968294,
        "pixel_ap": 0.03580831986773254,
        "normal_count": 507,
        "anomaly_count": 493
    },
    "continual_ad_Flash-drive": {
        "image_auroc": 0.5291884360849879,
        "pixel_ap": 0.04749402475767188,
        "normal_count": 522,
        "anomaly_count": 495
    },
    "continual_ad_Band-aid": {
        "image_auroc": 0.7529862375996907,
        "pixel_ap": 0.04377928959743279,
        "normal_count": 511,
        "anomaly_count": 491
    },
    "continual_ad_Cucumber": {
        "image_auroc": 0.4037807331028961,
        "pixel_ap": 0.014509329160684386,
        "normal_count": 505,
        "anomaly_count": 507
    },
    "continual_ad_Toothbrush": {
        "image_auroc": 0.39758834244080143,
        "pixel_ap": 0.007198609479820653,
        "normal_count": 500,
        "anomaly_count": 549
    },
    "continual_ad_Soap": {
        "image_auroc": 0.4875482943001438,
        "pixel_ap": 0.028135460576232982,
        "normal_count": 394,
        "anomaly_count": 787
    },
    "continual_ad_Dollar": {
        "image_auroc": 0.4816726549799642,
        "pixel_ap": 0.039105345337733716,
        "normal_count": 391,
        "anomaly_count": 494
    },
    "continual_ad_Pencil": {
        "image_auroc": 0.3970803492080087,
        "pixel_ap": 0.005267822208197758,
        "normal_count": 518,
        "anomaly_count": 517
    },
    "continual_ad_Fork": {
        "image_auroc": 0.40068096922415786,
        "pixel_ap": 0.02834013440550519,
        "normal_count": 537,
        "anomaly_count": 507
    },
    "continual_ad_Toy": {
        "image_auroc": 0.4938251148815836,
        "pixel_ap": 0.012909058210961525,
        "normal_count": 368,
        "anomaly_count": 492
    },
    "continual_ad_Multi-pen": {
        "image_auroc": 0.49042164510713937,
        "pixel_ap": 0.009692127486125973,
        "normal_count": 494,
        "anomaly_count": 492
    },
    "continual_ad_Chopsticks": {
        "image_auroc": 0.4706505756476035,
        "pixel_ap": 0.013219161946210783,
        "normal_count": 488,
        "anomaly_count": 524
    },
    "mvtec_leather": {
        "image_auroc": 0.3170731707317074,
        "pixel_ap": 0.20646724405264127,
        "normal_count": 32,
        "anomaly_count": 82
    },
    "mvtec_hazelnut": {
        "image_auroc": 0.44666666666666666,
        "pixel_ap": 0.17424529399825966,
        "normal_count": 40,
        "anomaly_count": 60
    },
    "mvtec_pill": {
        "image_auroc": 0.5,
        "pixel_ap": 0.05207020871761009,
        "normal_count": 26,
        "anomaly_count": 131
    },
    "mvtec_wood": {
        "image_auroc": 0.28,
        "pixel_ap": 0.2673329975139472,
        "normal_count": 19,
        "anomaly_count": 50
    },
    "mvtec_screw": {
        "image_auroc": 0.5014544640859253,
        "pixel_ap": 0.02462532933694938,
        "normal_count": 41,
        "anomaly_count": 109
    },
    "mvtec_zipper": {
        "image_auroc": 0.38790137614678905,
        "pixel_ap": 0.16736157545456515,
        "normal_count": 32,
        "anomaly_count": 109
    },
    "mvtec_grid": {
        "image_auroc": 0.6058763931104357,
        "pixel_ap": 0.10134242814457235,
        "normal_count": 21,
        "anomaly_count": 47
    },
    "mvtec_metal_nut": {
        "image_auroc": 0.5208105147864184,
        "pixel_ap": 0.1309121716739666,
        "normal_count": 22,
        "anomaly_count": 83
    },
    "mvtec_bottle": {
        "image_auroc": 0.27075471698113207,
        "pixel_ap": 0.17521031700845596,
        "normal_count": 20,
        "anomaly_count": 53
    },
    "visa_pcb4": {
        "image_auroc": 0.556985698569857,
        "pixel_ap": 0.014113615915836934,
        "normal_count": 101,
        "anomaly_count": 90
    },
    "visa_candle": {
        "image_auroc": 0.4898888888888889,
        "pixel_ap": 0.01301428666189308,
        "normal_count": 100,
        "anomaly_count": 90
    },
    "visa_pipe_fryum": {
        "image_auroc": 0.6684444444444444,
        "pixel_ap": 0.05450065604041742,
        "normal_count": 50,
        "anomaly_count": 90
    },
    "visa_cashew": {
        "image_auroc": 0.4828888888888889,
        "pixel_ap": 0.04433176768138099,
        "normal_count": 50,
        "anomaly_count": 90
    },
    "visa_chewinggum": {
        "image_auroc": 0.45999999999999996,
        "pixel_ap": 0.03228099266659317,
        "normal_count": 50,
        "anomaly_count": 90
    },
    "visa_pcb1": {
        "image_auroc": 0.5681111111111111,
        "pixel_ap": 0.01308865768953423,
        "normal_count": 100,
        "anomaly_count": 90
    },
    "visa_macaroni2": {
        "image_auroc": 0.5876666666666667,
        "pixel_ap": 0.006157732732056856,
        "normal_count": 100,
        "anomaly_count": 90
    },
    "viaduct_10 PCB": {
        "image_auroc": 0.48933333333333334,
        "pixel_ap": 0.009872947427702878,
        "normal_count": 50,
        "anomaly_count": 45
    },
    "viaduct_43 paperclip": {
        "image_auroc": 0.447041847041847,
        "pixel_ap": 0.03714099359904241,
        "normal_count": 110,
        "anomaly_count": 63
    },
    "viaduct_37 retractor": {
        "image_auroc": 0.4831623931623932,
        "pixel_ap": 0.012723154866782908,
        "normal_count": 180,
        "anomaly_count": 65
    },
    "viaduct_44 tack": {
        "image_auroc": 0.5354014598540147,
        "pixel_ap": 0.07055020936816508,
        "normal_count": 160,
        "anomaly_count": 137
    },
    "viaduct_39 self-tapping bolt": {
        "image_auroc": 0.4957142857142858,
        "pixel_ap": 0.041848572478674774,
        "normal_count": 140,
        "anomaly_count": 140
    },
    "viaduct_12 rotary encoder": {
        "image_auroc": 0.36,
        "pixel_ap": 0.004299341859331746,
        "normal_count": 50,
        "anomaly_count": 19
    },
    "viaduct_06 coaxial t-adapter": {
        "image_auroc": 0.5986394557823129,
        "pixel_ap": 0.011478099479333148,
        "normal_count": 105,
        "anomaly_count": 14
    },
    "viaduct_19 strawberry": {
        "image_auroc": 0.4108359788359789,
        "pixel_ap": 0.08334314967728733,
        "normal_count": 175,
        "anomaly_count": 135
    },
    "viaduct_15 terminal block B": {
        "image_auroc": 0.5218461538461538,
        "pixel_ap": 0.004244106065825892,
        "normal_count": 65,
        "anomaly_count": 50
    },
    "viaduct_28 key": {
        "image_auroc": 0.44333333333333336,
        "pixel_ap": 0.09537278570864875,
        "normal_count": 90,
        "anomaly_count": 30
    },
    "viaduct_02 shredded corn fine": {
        "image_auroc": 0.737593984962406,
        "pixel_ap": 0.1603144416366596,
        "normal_count": 110,
        "anomaly_count": 133
    },
    "viaduct_20 tea bag": {
        "image_auroc": 0.4342857142857143,