{
    "continual_ad_Energy-bar": {
        "image_auroc": 0.5026525645195662,
        "pixel_ap": 0.09233654259349823,
        "normal_count": 329,
        "anomaly_count": 542
    },
    "continual_ad_Apple": {
        "image_auroc": 0.346434669485324,
        "pixel_ap": 0.0545363036556859,
        "normal_count": 490,
        "anomaly_count": 502
    },
    "continual_ad_Kleenex": {
        "image_auroc": 0.56876204238921,
        "pixel_ap": 0.03306824949945668,
        "normal_count": 480,
        "anomaly_count": 519
    },
    "continual_ad_Ruler": {
        "image_auroc": 0.48311353422235326,
        "pixel_ap": 0.00469752291595237,
        "normal_count": 277,
        "anomaly_count": 490
    },
    "continual_ad_Toothpaste": {
        "image_auroc": 0.4230435045408526,
        "pixel_ap": 0.010541341050061253,
        "normal_count": 513,
        "anomaly_count": 516
    },
    "continual_ad_Sunglasses": {
        "image_auroc": 0.5075745897389183,
        "pixel_ap": 0.03373525545229299,
        "normal_count": 499,
        "anomaly_count": 572
    },
    "continual_ad_Capsule": {
        "image_auroc": 0.48949594120447604,
        "pixel_ap": 0.03935178774597049,
        "normal_count": 507,
        "anomaly_count": 493
    },
    "continual_ad_Flash-drive": {
        "image_auroc": 0.5394171601068153,
        "pixel_ap": 0.04936635455230285,
        "normal_count": 522,
        "anomaly_count": 495
    },
    "continual_ad_Band-aid": {
        "image_auroc": 0.783033945659842,
        "pixel_ap": 0.057099255897095434,
        "normal_count": 511,
        "anomaly_count": 491
    },
    "continual_ad_Cucumber": {
        "image_auroc": 0.37651883531548425,
        "pixel_ap": 0.018886441821746983,
        "normal_count": 505,
        "anomaly_count": 507
    },
    "continual_ad_Toothbrush": {
        "image_auroc": 0.40147540983606556,
        "pixel_ap": 0.00718413423678391,
        "normal_count": 500,
        "anomaly_count": 549
    },
    "continual_ad_Soap": {
        "image_auroc": 0.5052003044395281,
        "pixel_ap": 0.03474657651941759,
        "normal_count": 394,
        "anomaly_count": 787
    },
    "continual_ad_Dollar": {
        "image_auroc": 0.5266885490334137,
        "pixel_ap": 0.040789801193505025,
        "normal_count": 391,
        "anomaly_count": 494
    },
    "continual_ad_Pencil": {
        "image_auroc": 0.3952600016429804,
        "pixel_ap": 0.005441174863440326,
        "normal_count": 518,
        "anomaly_count": 517
    },
    "continual_ad_Fork": {
        "image_auroc": 0.36137281044887404,
        "pixel_ap": 0.02971308414354111,
        "normal_count": 537,
        "anomaly_count": 507
    },
    "continual_ad_Toy": {
        "image_auroc": 0.5610805496641922,
        "pixel_ap": 0.013717255668919884,
        "normal_count": 368,
        "anomaly_count": 492
    },
    "continual_ad_Multi-pen": {
        "image_auroc": 0.47045439583950494,
        "pixel_ap": 0.010227040512942487,
        "normal_count": 494,
        "anomaly_count": 492
    },
    "continual_ad_Chopsticks": {
        "image_auroc": 0.47190589413089734,
        "pixel_ap": 0.013617720611202077,
        "normal_count": 488,
        "anomaly_count": 524
    },
    "mvtec_leather": {
        "image_auroc": 0.30259146341463417,
        "pixel_ap": 0.2769790887639769,
        "normal_count": 32,
        "anomaly_count": 82
    },
    "mvtec_hazelnut": {
        "image_auroc": 0.595,
        "pixel_ap": 0.19462957002513448,
        "normal_count": 40,
        "anomaly_count": 60
    },
    "mvtec_pill": {
        "image_auroc": 0.4926600117439812,
        "pixel_ap": 0.05763302042324879,
        "normal_count": 26,
        "anomaly_count": 131
    },
    "mvtec_wood": {
        "image_auroc": 0.3157894736842105,
        "pixel_ap": 0.28878361796068586,
        "normal_count": 19,
        "anomaly_count": 50
    },
    "mvtec_screw": {
        "image_auroc": 0.4388006265383755,
        "pixel_ap": 0.025018463427188536,
        "normal_count": 41,
        "anomaly_count": 109
    },
    "mvtec_zipper": {
        "image_auroc": 0.5034403669724771,
        "pixel_ap": 0.19146797091059692,
        "normal_count": 32,
        "anomaly_count": 109
    },
    "mvtec_grid": {
        "image_auroc": 0.5278622087132725,
        "pixel_ap": 0.13736046536175056,
        "normal_count": 21,
        "anomaly_count": 47
    },
    "mvtec_metal_nut": {
        "image_auroc": 0.5169769989047097,
        "pixel_ap": 0.13977849838489986,
        "normal_count": 22,
        "anomaly_count": 83
    },
    "mvtec_bottle": {
        "image_auroc": 0.31509433962264155,
        "pixel_ap": 0.21151760128638644,
        "normal_count": 20,
        "anomaly_count": 53
    },
    "visa_pcb4": {
        "image_auroc": 0.6049504950495049,
        "pixel_ap": 0.013971022870572732,
        "normal_count": 101,
        "anomaly_count": 90
    },
    "visa_candle": {
        "image_auroc": 0.4701111111111111,
        "pixel_ap": 0.016365069281768594,
        "normal_count": 100,
        "anomaly_count": 90
    },
    "visa_pipe_fryum": {
        "image_auroc": 0.6557777777777778,
        "pixel_ap": 0.0662793532229426,
        "normal_count": 50,
        "anomaly_count": 90
    },
    "visa_cashew": {
        "image_auroc": 0.5366666666666666,
        "pixel_ap": 0.04733891243495949,
        "normal_count": 50,
        "anomaly_count": 90
    },
    "visa_chewinggum": {
        "image_auroc": 0.5433333333333333,
        "pixel_ap": 0.03615097321760784,
        "normal_count": 50,
        "anomaly_count": 90
    },
    "visa_pcb1": {
        "image_auroc": 0.6962222222222222,
        "pixel_ap": 0.013010548166925416,
        "normal_count": 100,
        "anomaly_count": 90
    },
    "visa_macaroni2": {
        "image_auroc": 0.615,
        "pixel_ap": 0.005967650580065304,
        "normal_count": 100,
        "anomaly_count": 90
    },
    "viaduct_10 PCB": {
        "image_auroc": 0.49244444444444446,
        "pixel_ap": 0.009454203595216008,
        "normal_count": 50,
        "anomaly_count": 45
    },
    "viaduct_43 paperclip": {
        "image_auroc": 0.39307359307359313,
        "pixel_ap": 0.03851223433798917,
        "normal_count": 110,
        "anomaly_count": 63
    },
    "viaduct_37 retractor": {
        "image_auroc": 0.5301709401709401,
        "pixel_ap": 0.013504926072435105,
        "normal_count": 180,
        "anomaly_count": 65
    },
    "viaduct_44 tack": {
        "image_auroc": 0.5171076642335766,
        "pixel_ap": 0.0646046369065426,
        "normal_count": 160,
        "anomaly_count": 137
    },
    "viaduct_39 self-tapping bolt": {
        "image_auroc": 0.5361224489795918,
        "pixel_ap": 0.04517725186849299,
        "normal_count": 140,
        "anomaly_count": 140
    },
    "viaduct_12 rotary encoder": {
        "image_auroc": 0.32842105263157895,
        "pixel_ap": 0.0045203278550272515,
        "normal_count": 50,
        "anomaly_count": 19
    },
    "viaduct_06 coaxial t-adapter": {
        "image_auroc": 0.5326530612244899,
        "pixel_ap": 0.013717486420630764,
        "normal_count": 105,
        "anomaly_count": 14
    },
    "viaduct_19 strawberry": {
        "image_auroc": 0.40461375661375665,
        "pixel_ap": 0.08685398061417761,
        "normal_count": 175,
        "anomaly_count": 135
    },
    "viaduct_15 terminal block B": {
        "image_auroc": 0.4787692307692308,
        "pixel_ap": 0.004517807503671145,
        "normal_count": 65,
        "anomaly_count": 50
    },
    "viaduct_28 key": {
        "image_auroc": 0.39629629629629626,
        "pixel_ap": 0.08887728126658714,
        "normal_count": 90,
        "anomaly_count": 30
    },
    "viaduct_02 shredded corn fine": {
        "image_auroc": 0.7097060833902938,
        "pixel_ap": 0.16565271273903337,
        "normal_count": 110,
        "anomaly_count": 133
    },
    "viaduct_20 tea bag": {
        "image_auroc": 0.5017460317460317,