{
    "continual_ad_Energy-bar": {
        "image_auroc": 0.4605143619825256,
        "pixel_ap": 0.08897438135129469,
        "normal_count": 329,
        "anomaly_count": 542
    },
    "continual_ad_Apple": {
        "image_auroc": 0.3413326286689975,
        "pixel_ap": 0.051421519374628036,
        "normal_count": 490,
        "anomaly_count": 502
    },
    "continual_ad_Kleenex": {
        "image_auroc": 0.598306037251124,
        "pixel_ap": 0.032343215777225175,
        "normal_count": 480,
        "anomaly_count": 519
    },
    "continual_ad_Ruler": {
        "image_auroc": 0.5020187136226332,
        "pixel_ap": 0.0050449093903296586,
        "normal_count": 277,
        "anomaly_count": 490
    },
    "continual_ad_Toothpaste": {
        "image_auroc": 0.44512443900448806,
        "pixel_ap": 0.010451845669504823,
        "normal_count": 513,
        "anomaly_count": 516
    },
    "continual_ad_Sunglasses": {
        "image_auroc": 0.5126932186050421,
        "pixel_ap": 0.03242944818179601,
        "normal_count": 499,
        "anomaly_count": 572
    },
    "continual_ad_Capsule": {
        "image_auroc": 0.479097903189025,
        "pixel_ap": 0.04254769295282259,
        "normal_count": 507,
        "anomaly_count": 493
    },
    "continual_ad_Flash-drive": {
        "image_auroc": 0.5372847246410465,
        "pixel_ap": 0.045975382130024514,
        "normal_count": 522,
        "anomaly_count": 495
    },
    "continual_ad_Band-aid": {
        "image_auroc": 0.7754054387985699,
        "pixel_ap": 0.05044016268283073,
        "normal_count": 511,
        "anomaly_count": 491
    },
    "continual_ad_Cucumber": {
        "image_auroc": 0.3871736286054641,
        "pixel_ap": 0.016148364771338575,
        "normal_count": 505,
        "anomaly_count": 507
    },
    "continual_ad_Toothbrush": {
        "image_auroc": 0.3905209471766849,
        "pixel_ap": 0.007089377755651896,
        "normal_count": 500,
        "anomaly_count": 549
    },
    "continual_ad_Soap": {
        "image_auroc": 0.48414914956881816,
        "pixel_ap": 0.029859021623854867,
        "normal_count": 394,
        "anomaly_count": 787
    },
    "continual_ad_Dollar": {
        "image_auroc": 0.47235884320283306,
        "pixel_ap": 0.03889082112973873,
        "normal_count": 391,
        "anomaly_count": 494
    },
    "continual_ad_Pencil": {
        "image_auroc": 0.3779228247313353,
        "pixel_ap": 0.005168388672010719,
        "normal_count": 518,
        "anomaly_count": 517
    },
    "continual_ad_Fork": {
        "image_auroc": 0.38079549252733613,
        "pixel_ap": 0.028672647151554993,
        "normal_count": 537,
        "anomaly_count": 507
    },
    "continual_ad_Toy": {
        "image_auroc": 0.5156747083775185,
        "pixel_ap": 0.01253002896453148,
        "normal_count": 368,
        "anomaly_count": 492
    },
    "continual_ad_Multi-pen": {
        "image_auroc": 0.485866989236694,
        "pixel_ap": 0.009866638727691402,
        "normal_count": 494,
        "anomaly_count": 492
    },
    "continual_ad_Chopsticks": {
        "image_auroc": 0.45885214616443504,
        "pixel_ap": 0.013466944684489253,
        "normal_count": 488,
        "anomaly_count": 524
    },
    "mvtec_leather": {
        "image_auroc": 0.3182164634146341,
        "pixel_ap": 0.23552662591318224,
        "normal_count": 32,
        "anomaly_count": 82
    },
    "mvtec_hazelnut": {
        "image_auroc": 0.45833333333333337,
        "pixel_ap": 0.17101581002707827,
        "normal_count": 40,
        "anomaly_count": 60
    },
    "mvtec_pill": {
        "image_auroc": 0.4900176159718145,
        "pixel_ap": 0.052666567362582704,
        "normal_count": 26,
        "anomaly_count": 131
    },
    "mvtec_wood": {
        "image_auroc": 0.3105263157894737,
        "pixel_ap": 0.28208767481543207,
        "normal_count": 19,
        "anomaly_count": 50
    },
    "mvtec_screw": {
        "image_auroc": 0.4511076303423585,
        "pixel_ap": 0.02484703072189929,
        "normal_count": 41,
        "anomaly_count": 109
    },
    "mvtec_zipper": {
        "image_auroc": 0.4569954128440367,
        "pixel_ap": 0.18811612124742025,
        "normal_count": 32,
        "anomaly_count": 109
    },
    "mvtec_grid": {
        "image_auroc": 0.5673758865248227,
        "pixel_ap": 0.12509720481977019,
        "normal_count": 21,
        "anomaly_count": 47
    },
    "mvtec_metal_nut": {
        "image_auroc": 0.524644030668127,
        "pixel_ap": 0.13371426808109813,
        "normal_count": 22,
        "anomaly_count": 83
    },
    "mvtec_bottle": {
        "image_auroc": 0.30000000000000004,
        "pixel_ap": 0.17539707680298694,
        "normal_count": 20,
        "anomaly_count": 53
    },
    "visa_pcb4": {
        "image_auroc": 0.5886688668866886,
        "pixel_ap": 0.01372124724955531,
        "normal_count": 101,
        "anomaly_count": 90
    },
    "visa_candle": {
        "image_auroc": 0.49822222222222223,
        "pixel_ap": 0.013695687685825034,
        "normal_count": 100,
        "anomaly_count": 90
    },
    "visa_pipe_fryum": {
        "image_auroc": 0.6597777777777779,
        "pixel_ap": 0.05733066432860047,
        "normal_count": 50,
        "anomaly_count": 90
    },
    "visa_cashew": {
        "image_auroc": 0.5613333333333334,
        "pixel_ap": 0.0466214900930427,
        "normal_count": 50,
        "anomaly_count": 90
    },
    "visa_chewinggum": {
        "image_auroc": 0.5015555555555555,
        "pixel_ap": 0.032266794275943665,
        "normal_count": 50,
        "anomaly_count": 90
    },
    "visa_pcb1": {
        "image_auroc": 0.6745555555555556,
        "pixel_ap": 0.01226248688421195,
        "normal_count": 100,
        "anomaly_count": 90
    },
    "visa_macaroni2": {
        "image_auroc": 0.604,
        "pixel_ap": 0.006909452997512934,
        "normal_count": 100,
        "anomaly_count": 90
    },
    "viaduct_10 PCB": {
        "image_auroc": 0.48977777777777776,
        "pixel_ap": 0.009783395642096316,
        "normal_count": 50,
        "anomaly_count": 45
    },
    "viaduct_43 paperclip": {
        "image_auroc": 0.43001443001443,
        "pixel_ap": 0.03742606666474701,
        "normal_count": 110,
        "anomaly_count": 63
    },
    "viaduct_37 retractor": {
        "image_auroc": 0.5117948717948718,
        "pixel_ap": 0.014279800364533872,
        "normal_count": 180,
        "anomaly_count": 65
    },
    "viaduct_44 tack": {
        "image_auroc": 0.5431113138686132,
        "pixel_ap": 0.06773048735787154,
        "normal_count": 160,
        "anomaly_count": 137
    },
    "viaduct_39 self-tapping bolt": {
        "image_auroc": 0.5008163265306123,
        "pixel_ap": 0.04424903930198474,
        "normal_count": 140,
        "anomaly_count": 140
    },
    "viaduct_12 rotary encoder": {
        "image_auroc": 0.3273684210526316,
        "pixel_ap": 0.004475716342761573,
        "normal_count": 50,
        "anomaly_count": 19
    },
    "viaduct_06 coaxial t-adapter": {
        "image_auroc": 0.5768707482993196,
        "pixel_ap": 0.014163437625866264,
        "normal_count": 105,
        "anomaly_count": 14
    },
    "viaduct_19 strawberry": {
        "image_auroc": 0.41083597883597883,
        "pixel_ap": 0.0839547945378122,
        "normal_count": 175,
        "anomaly_count": 135
    },
    "viaduct_15 terminal block B": {
        "image_auroc": 0.5101538461538462,
        "pixel_ap": 0.004362705915720589,
        "normal_count": 65,
        "anomaly_count": 50
    },
    "viaduct_28 key": {
        "image_auroc": 0.4462962962962963,
        "pixel_ap": 0.09314178777052748,
        "normal_count": 90,
        "anomaly_count": 30
    },
    "viaduct_02 shredded corn fine": {
        "image_auroc": 0.7127136021872864,
        "pixel_ap": 0.15933463321734168,
        "normal_count": 110,
        "anomaly_count": 133
    },