{
    "continual_ad_Energy-bar": {
        "image_auroc": 0.47596989647708027,
        "pixel_ap": 0.08557463971331762,
        "normal_count": 329,
        "anomaly_count": 542
    },
    "continual_ad_Apple": {
        "image_auroc": 0.3494877632327831,
        "pixel_ap": 0.0510614446445033,
        "normal_count": 490,
        "anomaly_count": 502
    },
    "continual_ad_Kleenex": {
        "image_auroc": 0.5809649967886961,
        "pixel_ap": 0.03126604404791748,
        "normal_count": 480,
        "anomaly_count": 519
    },
    "continual_ad_Ruler": {
        "image_auroc": 0.5066087084653357,
        "pixel_ap": 0.004615362934829931,
        "normal_count": 277,
        "anomaly_count": 490
    },
    "continual_ad_Toothpaste": {
        "image_auroc": 0.44054203121930585,
        "pixel_ap": 0.010726232861689148,
        "normal_count": 513,
        "anomaly_count": 516
    },
    "continual_ad_Sunglasses": {
        "image_auroc": 0.5208949367266,
        "pixel_ap": 0.03262279271914902,
        "normal_count": 499,
        "anomaly_count": 572
    },
    "continual_ad_Capsule": {
        "image_auroc": 0.48706346443903004,
        "pixel_ap": 0.04818565278783985,
        "normal_count": 507,
        "anomaly_count": 493
    },
    "continual_ad_Flash-drive": {
        "image_auroc": 0.5366655056310229,
        "pixel_ap": 0.044821694260599,
        "normal_count": 522,
        "anomaly_count": 495
    },
    "continual_ad_Band-aid": {
        "image_auroc": 0.7824879135595313,
        "pixel_ap": 0.05302352218286842,
        "normal_count": 511,
        "anomaly_count": 491
    },
    "continual_ad_Cucumber": {
        "image_auroc": 0.3858222508641396,
        "pixel_ap": 0.015834759927726347,
        "normal_count": 505,
        "anomaly_count": 507
    },
    "continual_ad_Toothbrush": {
        "image_auroc": 0.39309653916211296,
        "pixel_ap": 0.007003915070159845,
        "normal_count": 500,
        "anomaly_count": 549
    },
    "continual_ad_Soap": {
        "image_auroc": 0.504610130354298,
        "pixel_ap": 0.030051031923125818,
        "normal_count": 394,
        "anomaly_count": 787
    },
    "continual_ad_Dollar": {
        "image_auroc": 0.497737556561086,
        "pixel_ap": 0.03919386571377317,
        "normal_count": 391,
        "anomaly_count": 494
    },
    "continual_ad_Pencil": {
        "image_auroc": 0.3773851220659732,
        "pixel_ap": 0.005014715932033465,
        "normal_count": 518,
        "anomaly_count": 517
    },
    "continual_ad_Fork": {
        "image_auroc": 0.37420434218887155,
        "pixel_ap": 0.02898437331152792,
        "normal_count": 537,
        "anomaly_count": 507
    },
    "continual_ad_Toy": {
        "image_auroc": 0.5333101360904914,
        "pixel_ap": 0.012750252078535933,
        "normal_count": 368,
        "anomaly_count": 492
    },
    "continual_ad_Multi-pen": {
        "image_auroc": 0.5003168098482604,
        "pixel_ap": 0.010166735723489494,
        "normal_count": 494,
        "anomaly_count": 492
    },
    "continual_ad_Chopsticks": {
        "image_auroc": 0.4822182768114128,
        "pixel_ap": 0.01345499087012025,
        "normal_count": 488,
        "anomaly_count": 524
    },
    "mvtec_leather": {
        "image_auroc": 0.29573170731707316,
        "pixel_ap": 0.24497047469760413,
        "normal_count": 32,
        "anomaly_count": 82
    },
    "mvtec_hazelnut": {
        "image_auroc": 0.4479166666666667,
        "pixel_ap": 0.16294653357988872,
        "normal_count": 40,
        "anomaly_count": 60
    },
    "mvtec_pill": {
        "image_auroc": 0.49500880798590724,
        "pixel_ap": 0.05333148484039725,
        "normal_count": 26,
        "anomaly_count": 131
    },
    "mvtec_wood": {
        "image_auroc": 0.3073684210526316,
        "pixel_ap": 0.27542114227861064,
        "normal_count": 19,
        "anomaly_count": 50
    },
    "mvtec_screw": {
        "image_auroc": 0.47505034683374364,
        "pixel_ap": 0.024544613847613216,
        "normal_count": 41,
        "anomaly_count": 109
    },
    "mvtec_zipper": {
        "image_auroc": 0.45183486238532117,
        "pixel_ap": 0.17491510487153833,
        "normal_count": 32,
        "anomaly_count": 109
    },
    "mvtec_grid": {
        "image_auroc": 0.5440729483282676,
        "pixel_ap": 0.12923449820188523,
        "normal_count": 21,
        "anomaly_count": 47
    },
    "mvtec_metal_nut": {
        "image_auroc": 0.513143483023001,
        "pixel_ap": 0.1331007600167158,
        "normal_count": 22,
        "anomaly_count": 83
    },
    "mvtec_bottle": {
        "image_auroc": 0.3084905660377359,
        "pixel_ap": 0.17969395761235446,
        "normal_count": 20,
        "anomaly_count": 53
    },
    "visa_pcb4": {
        "image_auroc": 0.5981298129812981,
        "pixel_ap": 0.013112815336711624,
        "normal_count": 101,
        "anomaly_count": 90
    },
    "visa_candle": {
        "image_auroc": 0.4986111111111111,
        "pixel_ap": 0.014041564101301961,
        "normal_count": 100,
        "anomaly_count": 90
    },
    "visa_pipe_fryum": {
        "image_auroc": 0.640888888888889,
        "pixel_ap": 0.05881820631932433,
        "normal_count": 50,
        "anomaly_count": 90
    },
    "visa_cashew": {
        "image_auroc": 0.5635555555555555,
        "pixel_ap": 0.04692009583123925,
        "normal_count": 50,
        "anomaly_count": 90
    },
    "visa_chewinggum": {
        "image_auroc": 0.5206666666666667,
        "pixel_ap": 0.032574914331787636,
        "normal_count": 50,
        "anomaly_count": 90
    },
    "visa_pcb1": {
        "image_auroc": 0.7131111111111113,
        "pixel_ap": 0.011652697801070967,
        "normal_count": 100,
        "anomaly_count": 90
    },
    "visa_macaroni2": {
        "image_auroc": 0.6237777777777778,
        "pixel_ap": 0.006033955148691364,
        "normal_count": 100,
        "anomaly_count": 90
    },
    "viaduct_10 PCB": {
        "image_auroc": 0.492,
        "pixel_ap": 0.00939878898575708,
        "normal_count": 50,
        "anomaly_count": 45
    },
    "viaduct_43 paperclip": {
        "image_auroc": 0.4096681096681096,
        "pixel_ap": 0.03795500205633447,
        "normal_count": 110,
        "anomaly_count": 63
    },
    "viaduct_37 retractor": {
        "image_auroc": 0.5125641025641026,
        "pixel_ap": 0.014265399623616969,
        "normal_count": 180,
        "anomaly_count": 65
    },
    "viaduct_44 tack": {
        "image_auroc": 0.5286952554744526,
        "pixel_ap": 0.06671581635610255,
        "normal_count": 160,
        "anomaly_count": 137
    },
    "viaduct_39 self-tapping bolt": {
        "image_auroc": 0.5123469387755102,
        "pixel_ap": 0.04305242392699173,
        "normal_count": 140,
        "anomaly_count": 140
    },
    "viaduct_12 rotary encoder": {
        "image_auroc": 0.3494736842105263,
        "pixel_ap": 0.004526357707983978,
        "normal_count": 50,
        "anomaly_count": 19
    },
    "viaduct_06 coaxial t-adapter": {
        "image_auroc": 0.5238095238095238,
        "pixel_ap": 0.013496477941021351,
        "normal_count": 105,
        "anomaly_count": 14
    },
    "viaduct_19 strawberry": {
        "image_auroc": 0.4006349206349206,
        "pixel_ap": 0.08168743716984021,
        "normal_count": 175,
        "anomaly_count": 135
    },
    "viaduct_15 terminal block B": {
        "image_auroc": 0.4959999999999999,
        "pixel_ap": 0.004280977503467971,
        "normal_count": 65,
        "anomaly_count": 50
    },
    "viaduct_28 key": {
        "image_auroc": 0.422962962962963,
        "pixel_ap": 0.09292754159253913,
        "normal_count": 90,
        "anomaly_count": 30
    },
    "viaduct_02 shredded corn fine": {
        "image_auroc": 0.7318523581681476,
        "pixel_ap": 0.17710433202263315,
        "normal_count": 110,
        "anomaly_count": 133
    },
    "viaduct_20 tea bag": {
        "image_auroc": 0.4834126984126984,