{
    "continual_ad_Energy-bar": {
        "image_auroc": 0.49387610897385564,
        "pixel_ap": 0.09265577033412159,
        "normal_count": 329,
        "anomaly_count": 542
    },
    "continual_ad_Apple": {
        "image_auroc": 0.34386535490690295,
        "pixel_ap": 0.05418307708754943,
        "normal_count": 490,
        "anomaly_count": 502
    },
    "continual_ad_Kleenex": {
        "image_auroc": 0.5517742453436095,
        "pixel_ap": 0.03277599018795803,
        "normal_count": 480,
        "anomaly_count": 519
    },
    "continual_ad_Ruler": {
        "image_auroc": 0.499484270242393,
        "pixel_ap": 0.0050717323931669805,
        "normal_count": 277,
        "anomaly_count": 490
    },
    "continual_ad_Toothpaste": {
        "image_auroc": 0.4455059915076235,
        "pixel_ap": 0.01111663478228957,
        "normal_count": 513,
        "anomaly_count": 516
    },
    "continual_ad_Sunglasses": {
        "image_auroc": 0.5105823535182252,
        "pixel_ap": 0.03514812722911905,
        "normal_count": 499,
        "anomaly_count": 572
    },
    "continual_ad_Capsule": {
        "image_auroc": 0.5075034706802533,
        "pixel_ap": 0.04126887284662279,
        "normal_count": 507,
        "anomaly_count": 493
    },
    "continual_ad_Flash-drive": {
        "image_auroc": 0.5515673981191223,
        "pixel_ap": 0.05037552214764927,
        "normal_count": 522,
        "anomaly_count": 495
    },
    "continual_ad_Band-aid": {
        "image_auroc": 0.8017544768653773,
        "pixel_ap": 0.056442788572415345,
        "normal_count": 511,
        "anomaly_count": 491
    },
    "continual_ad_Cucumber": {
        "image_auroc": 0.3775186986154237,
        "pixel_ap": 0.018868500904447107,
        "normal_count": 505,
        "anomaly_count": 507
    },
    "continual_ad_Toothbrush": {
        "image_auroc": 0.38696539162112936,
        "pixel_ap": 0.007319817923232135,
        "normal_count": 500,
        "anomaly_count": 549
    },
    "continual_ad_Soap": {
        "image_auroc": 0.5019511219757609,
        "pixel_ap": 0.035569418449058254,
        "normal_count": 394,
        "anomaly_count": 787
    },
    "continual_ad_Dollar": {
        "image_auroc": 0.5163677687234021,
        "pixel_ap": 0.04030648210529908,
        "normal_count": 391,
        "anomaly_count": 494
    },
    "continual_ad_Pencil": {
        "image_auroc": 0.4043598724449788,
        "pixel_ap": 0.005370995019665908,
        "normal_count": 518,
        "anomaly_count": 517
    },
    "continual_ad_Fork": {
        "image_auroc": 0.37559456253053164,
        "pixel_ap": 0.032721784377981275,
        "normal_count": 537,
        "anomaly_count": 507
    },
    "continual_ad_Toy": {
        "image_auroc": 0.5588547189819724,
        "pixel_ap": 0.013564012296730448,
        "normal_count": 368,
        "anomaly_count": 492
    },
    "continual_ad_Multi-pen": {
        "image_auroc": 0.46544715447154467,
        "pixel_ap": 0.009807319686193517,
        "normal_count": 494,
        "anomaly_count": 492
    },
    "continual_ad_Chopsticks": {
        "image_auroc": 0.46493711675635085,
        "pixel_ap": 0.013743875751223858,
        "normal_count": 488,
        "anomaly_count": 524
    },
    "mvtec_leather": {
        "image_auroc": 0.2923018292682927,
        "pixel_ap": 0.28175246626662565,
        "normal_count": 32,
        "anomaly_count": 82
    },
    "mvtec_hazelnut": {
        "image_auroc": 0.56625,
        "pixel_ap": 0.1962166214698431,
        "normal_count": 40,
        "anomaly_count": 60
    },
    "mvtec_pill": {
        "image_auroc": 0.49354081033470343,
        "pixel_ap": 0.05738678251301186,
        "normal_count": 26,
        "anomaly_count": 131
    },
    "mvtec_wood": {
        "image_auroc": 0.33473684210526317,
        "pixel_ap": 0.29595384816819625,
        "normal_count": 19,
        "anomaly_count": 50
    },
    "mvtec_screw": {
        "image_auroc": 0.4627433430297606,
        "pixel_ap": 0.026539434106868365,
        "normal_count": 41,
        "anomaly_count": 109
    },
    "mvtec_zipper": {
        "image_auroc": 0.5252293577981652,
        "pixel_ap": 0.19529709507468931,
        "normal_count": 32,
        "anomaly_count": 109
    },
    "mvtec_grid": {
        "image_auroc": 0.5207700101317123,
        "pixel_ap": 0.14738390009468455,
        "normal_count": 21,
        "anomaly_count": 47
    },
    "mvtec_metal_nut": {
        "image_auroc": 0.5240963855421688,
        "pixel_ap": 0.13831921786164067,
        "normal_count": 22,
        "anomaly_count": 83
    },
    "mvtec_bottle": {
        "image_auroc": 0.3273584905660377,
        "pixel_ap": 0.20585753930755765,
        "normal_count": 20,
        "anomaly_count": 53
    },
    "visa_pcb4": {
        "image_auroc": 0.6040704070407041,
        "pixel_ap": 0.013854725177665497,
        "normal_count": 101,
        "anomaly_count": 90
    },
    "visa_candle": {
        "image_auroc": 0.499,
        "pixel_ap": 0.016929902005618013,
        "normal_count": 100,
        "anomaly_count": 90
    },
    "visa_pipe_fryum": {
        "image_auroc": 0.7251111111111112,
        "pixel_ap": 0.07343833915150291,
        "normal_count": 50,
        "anomaly_count": 90
    },
    "visa_cashew": {
        "image_auroc": 0.5477777777777777,
        "pixel_ap": 0.04781155770948097,
        "normal_count": 50,
        "anomaly_count": 90
    },
    "visa_chewinggum": {
        "image_auroc": 0.52,
        "pixel_ap": 0.043177391961361125,
        "normal_count": 50,
        "anomaly_count": 90
    },
    "visa_pcb1": {
        "image_auroc": 0.6603333333333332,
        "pixel_ap": 0.012884933764615093,
        "normal_count": 100,
        "anomaly_count": 90
    },
    "visa_macaroni2": {
        "image_auroc": 0.6275555555555555,
        "pixel_ap": 0.006505074702675084,
        "normal_count": 100,
        "anomaly_count": 90
    },
    "viaduct_10 PCB": {
        "image_auroc": 0.5017777777777778,
        "pixel_ap": 0.009490246546501671,
        "normal_count": 50,
        "anomaly_count": 45
    },
    "viaduct_43 paperclip": {
        "image_auroc": 0.41500721500721505,
        "pixel_ap": 0.03940989694778474,
        "normal_count": 110,
        "anomaly_count": 63
    },
    "viaduct_37 retractor": {
        "image_auroc": 0.5361538461538462,
        "pixel_ap": 0.013771261118466433,
        "normal_count": 180,
        "anomaly_count": 65
    },
    "viaduct_44 tack": {
        "image_auroc": 0.5288321167883212,
        "pixel_ap": 0.0658553374059426,
        "normal_count": 160,
        "anomaly_count": 137
    },
    "viaduct_39 self-tapping bolt": {
        "image_auroc": 0.527295918367347,
        "pixel_ap": 0.04584140555927342,
        "normal_count": 140,
        "anomaly_count": 140
    },
    "viaduct_12 rotary encoder": {
        "image_auroc": 0.3473684210526316,
        "pixel_ap": 0.004599374964445451,
        "normal_count": 50,
        "anomaly_count": 19
    },
    "viaduct_06 coaxial t-adapter": {
        "image_auroc": 0.5312925170068027,
        "pixel_ap": 0.015532093537115396,
        "normal_count": 105,
        "anomaly_count": 14
    },
    "viaduct_19 strawberry": {
        "image_auroc": 0.40833862433862433,
        "pixel_ap": 0.08709874233524496,
        "normal_count": 175,
        "anomaly_count": 135
    },
    "viaduct_15 terminal block B": {
        "image_auroc": 0.4689230769230769,
        "pixel_ap": 0.0045888104589295155,
        "normal_count": 65,
        "anomaly_count": 50
    },
    "viaduct_28 key": {
        "image_auroc": 0.3825925925925926,
        "pixel_ap": 0.09442325343010533,
        "normal_count": 90,
        "anomaly_count": 30
    },
    "viaduct_02 shredded corn fine": {
        "image_auroc": 0.7096377306903623,
        "pixel_ap": 0.1625241756902637,
        "normal_count": 110,
        "anomaly_count": 133
    },
    "viaduct_20 tea bag": {
        "image_auroc": 0.4788888888888889,