{
    "continual_ad_Energy-bar": {
        "image_auroc": 0.48919907132202023,
        "pixel_ap": 0.08799145719838351,
        "normal_count": 329,
        "anomaly_count": 542
    },
    "continual_ad_Apple": {
        "image_auroc": 0.3510204081632653,
        "pixel_ap": 0.05276330421903183,
        "normal_count": 490,
        "anomaly_count": 502
    },
    "continual_ad_Kleenex": {
        "image_auroc": 0.5747711946050097,
        "pixel_ap": 0.031985660459251546,
        "normal_count": 480,
        "anomaly_count": 519
    },
    "continual_ad_Ruler": {
        "image_auroc": 0.5018050541516246,
        "pixel_ap": 0.004610218581222729,
        "normal_count": 277,
        "anomaly_count": 490
    },
    "continual_ad_Toothpaste": {
        "image_auroc": 0.43772383154268096,
        "pixel_ap": 0.01065624317352741,
        "normal_count": 513,
        "anomaly_count": 516
    },
    "continual_ad_Sunglasses": {
        "image_auroc": 0.5224399848648347,
        "pixel_ap": 0.033190511241351445,
        "normal_count": 499,
        "anomaly_count": 572
    },
    "continual_ad_Capsule": {
        "image_auroc": 0.4840068653456078,
        "pixel_ap": 0.043831868405313654,
        "normal_count": 507,
        "anomaly_count": 493
    },
    "continual_ad_Flash-drive": {
        "image_auroc": 0.5337126049769728,
        "pixel_ap": 0.04632644601565204,
        "normal_count": 522,
        "anomaly_count": 495
    },
    "continual_ad_Band-aid": {
        "image_auroc": 0.7766788494266663,
        "pixel_ap": 0.05494908829847756,
        "normal_count": 511,
        "anomaly_count": 491
    },
    "continual_ad_Cucumber": {
        "image_auroc": 0.37621418946628393,
        "pixel_ap": 0.01716028687428307,
        "normal_count": 505,
        "anomaly_count": 507
    },
    "continual_ad_Toothbrush": {
        "image_auroc": 0.4083970856102004,
        "pixel_ap": 0.00700764922293001,
        "normal_count": 500,
        "anomaly_count": 549
    },
    "continual_ad_Soap": {
        "image_auroc": 0.5023735963209257,
        "pixel_ap": 0.03291099360875574,
        "normal_count": 394,
        "anomaly_count": 787
    },
    "continual_ad_Dollar": {
        "image_auroc": 0.5177863259368173,
        "pixel_ap": 0.03844800569983411,
        "normal_count": 391,
        "anomaly_count": 494
    },
    "continual_ad_Pencil": {
        "image_auroc": 0.3940688408773515,
        "pixel_ap": 0.005009428925698001,
        "normal_count": 518,
        "anomaly_count": 517
    },
    "continual_ad_Fork": {
        "image_auroc": 0.3735487164795287,
        "pixel_ap": 0.030201074475443655,
        "normal_count": 537,
        "anomaly_count": 507
    },
    "continual_ad_Toy": {
        "image_auroc": 0.539987628137151,
        "pixel_ap": 0.012811534728896463,
        "normal_count": 368,
        "anomaly_count": 492
    },
    "continual_ad_Multi-pen": {
        "image_auroc": 0.48655615351700077,
        "pixel_ap": 0.010040286209316969,
        "normal_count": 494,
        "anomaly_count": 492
    },
    "continual_ad_Chopsticks": {
        "image_auroc": 0.46950084470028786,
        "pixel_ap": 0.013371471450796821,
        "normal_count": 488,
        "anomaly_count": 524
    },
    "mvtec_leather": {
        "image_auroc": 0.2896341463414634,
        "pixel_ap": 0.24723745001672823,
        "normal_count": 32,
        "anomaly_count": 82
    },
    "mvtec_hazelnut": {
        "image_auroc": 0.48791666666666667,
        "pixel_ap": 0.17039251466824892,
        "normal_count": 40,
        "anomaly_count": 60
    },
    "mvtec_pill": {
        "image_auroc": 0.4955960070463888,
        "pixel_ap": 0.0554167594679885,
        "normal_count": 26,
        "anomaly_count": 131
    },
    "mvtec_wood": {
        "image_auroc": 0.30000000000000004,
        "pixel_ap": 0.2745911112005252,
        "normal_count": 19,
        "anomaly_count": 50
    },
    "mvtec_screw": {
        "image_auroc": 0.4696800179010965,
        "pixel_ap": 0.02335780507049785,
        "normal_count": 41,
        "anomaly_count": 109
    },
    "mvtec_zipper": {
        "image_auroc": 0.43176605504587157,
        "pixel_ap": 0.179801245331031,
        "normal_count": 32,
        "anomaly_count": 109
    },
    "mvtec_grid": {
        "image_auroc": 0.5572441742654508,
        "pixel_ap": 0.12968448027776378,
        "normal_count": 21,
        "anomaly_count": 47
    },
    "mvtec_metal_nut": {
        "image_auroc": 0.5032858707557503,
        "pixel_ap": 0.13346486536964589,
        "normal_count": 22,
        "anomaly_count": 83
    },
    "mvtec_bottle": {
        "image_auroc": 0.3169811320754718,
        "pixel_ap": 0.2058480318043176,
        "normal_count": 20,
        "anomaly_count": 53
    },
    "visa_pcb4": {
        "image_auroc": 0.596919691969197,
        "pixel_ap": 0.01341861594885878,
        "normal_count": 101,
        "anomaly_count": 90
    },
    "visa_candle": {
        "image_auroc": 0.47433333333333333,
        "pixel_ap": 0.015905755290816462,
        "normal_count": 100,
        "anomaly_count": 90
    },
    "visa_pipe_fryum": {
        "image_auroc": 0.6313333333333333,
        "pixel_ap": 0.06027498179723159,
        "normal_count": 50,
        "anomaly_count": 90
    },
    "visa_cashew": {
        "image_auroc": 0.5593333333333333,
        "pixel_ap": 0.046548547909224476,
        "normal_count": 50,
        "anomaly_count": 90
    },
    "visa_chewinggum": {
        "image_auroc": 0.5451111111111111,
        "pixel_ap": 0.03474514032272728,
        "normal_count": 50,
        "anomaly_count": 90
    },
    "visa_pcb1": {
        "image_auroc": 0.694111111111111,
        "pixel_ap": 0.012087829127626043,
        "normal_count": 100,
        "anomaly_count": 90
    },
    "visa_macaroni2": {
        "image_auroc": 0.6319999999999999,
        "pixel_ap": 0.0055635930072391185,
        "normal_count": 100,
        "anomaly_count": 90
    },
    "viaduct_10 PCB": {
        "image_auroc": 0.48666666666666664,
        "pixel_ap": 0.0099655331434973,
        "normal_count": 50,
        "anomaly_count": 45
    },
    "viaduct_43 paperclip": {
        "image_auroc": 0.38585858585858585,
        "pixel_ap": 0.038515967123675894,
        "normal_count": 110,
        "anomaly_count": 63
    },
    "viaduct_37 retractor": {
        "image_auroc": 0.5388034188034189,
        "pixel_ap": 0.013725204170954318,
        "normal_count": 180,
        "anomaly_count": 65
    },
    "viaduct_44 tack": {
        "image_auroc": 0.524543795620438,
        "pixel_ap": 0.06693366100263533,
        "normal_count": 160,
        "anomaly_count": 137
    },
    "viaduct_39 self-tapping bolt": {
        "image_auroc": 0.5206632653061225,
        "pixel_ap": 0.04430349384926946,
        "normal_count": 140,
        "anomaly_count": 140
    },
    "viaduct_12 rotary encoder": {
        "image_auroc": 0.34315789473684205,
        "pixel_ap": 0.004517555867160643,
        "normal_count": 50,
        "anomaly_count": 19
    },
    "viaduct_06 coaxial t-adapter": {
        "image_auroc": 0.5108843537414965,
        "pixel_ap": 0.012220231123432684,
        "normal_count": 105,
        "anomaly_count": 14
    },
    "viaduct_19 strawberry": {
        "image_auroc": 0.4041904761904762,
        "pixel_ap": 0.08574609865164672,
        "normal_count": 175,
        "anomaly_count": 135
    },
    "viaduct_15 terminal block B": {
        "image_auroc": 0.4932307692307692,
        "pixel_ap": 0.004513791101773215,
        "normal_count": 65,
        "anomaly_count": 50
    },
    "viaduct_28 key": {
        "image_auroc": 0.42370370370370364,
        "pixel_ap": 0.09636815595991038,
        "normal_count": 90,
        "anomaly_count": 30
    },
    "viaduct_02 shredded corn fine": {
        "image_auroc": 0.7287081339712919,
        "pixel_ap": 0.17679916623263886,
        "normal_count": 110,
        "anomaly_count": 133
    },