{
    "continual_ad_Energy-bar": {
        "image_auroc": 0.47230789937078704,
        "pixel_ap": 0.09306375601819762,
        "normal_count": 329,
        "anomaly_count": 542
    },
    "continual_ad_Apple": {
        "image_auroc": 0.35188633222213195,
        "pixel_ap": 0.0548026548311022,
        "normal_count": 490,
        "anomaly_count": 502
    },
    "continual_ad_Kleenex": {
        "image_auroc": 0.5850313102119461,
        "pixel_ap": 0.03303645532646115,
        "normal_count": 480,
        "anomaly_count": 519
    },
    "continual_ad_Ruler": {
        "image_auroc": 0.5141604656302954,
        "pixel_ap": 0.0052216812774253316,
        "normal_count": 277,
        "anomaly_count": 490
    },
    "continual_ad_Toothpaste": {
        "image_auroc": 0.4579272254710851,
        "pixel_ap": 0.011343216952407562,
        "normal_count": 513,
        "anomaly_count": 516
    },
    "continual_ad_Sunglasses": {
        "image_auroc": 0.5148653951259161,
        "pixel_ap": 0.03326992114430767,
        "normal_count": 499,
        "anomaly_count": 572
    },
    "continual_ad_Capsule": {
        "image_auroc": 0.4798100427683826,
        "pixel_ap": 0.043951409127044656,
        "normal_count": 507,
        "anomaly_count": 493
    },
    "continual_ad_Flash-drive": {
        "image_auroc": 0.5460466736328805,
        "pixel_ap": 0.04929088059546798,
        "normal_count": 522,
        "anomaly_count": 495
    },
    "continual_ad_Band-aid": {
        "image_auroc": 0.7741718845281604,
        "pixel_ap": 0.04927059677639715,
        "normal_count": 511,
        "anomaly_count": 491
    },
    "continual_ad_Cucumber": {
        "image_auroc": 0.40554025816782857,
        "pixel_ap": 0.01669691083118161,
        "normal_count": 505,
        "anomaly_count": 507
    },
    "continual_ad_Toothbrush": {
        "image_auroc": 0.41371584699453556,
        "pixel_ap": 0.007190289170429179,
        "normal_count": 500,
        "anomaly_count": 549
    },
    "continual_ad_Soap": {
        "image_auroc": 0.49993550009997484,
        "pixel_ap": 0.031983078157949436,
        "normal_count": 394,
        "anomaly_count": 787
    },
    "continual_ad_Dollar": {
        "image_auroc": 0.47982956604574584,
        "pixel_ap": 0.03994327986374329,
        "normal_count": 391,
        "anomaly_count": 494
    },
    "continual_ad_Pencil": {
        "image_auroc": 0.3975452379707699,
        "pixel_ap": 0.005459506954000018,
        "normal_count": 518,
        "anomaly_count": 517
    },
    "continual_ad_Fork": {
        "image_auroc": 0.3910908362992592,
        "pixel_ap": 0.02880196470343887,
        "normal_count": 537,
        "anomaly_count": 507
    },
    "continual_ad_Toy": {
        "image_auroc": 0.5216065747613998,
        "pixel_ap": 0.013156953928192725,
        "normal_count": 368,
        "anomaly_count": 492
    },
    "continual_ad_Multi-pen": {
        "image_auroc": 0.4948343537079095,
        "pixel_ap": 0.00988806264765644,
        "normal_count": 494,
        "anomaly_count": 492
    },
    "continual_ad_Chopsticks": {
        "image_auroc": 0.4552817231885872,
        "pixel_ap": 0.01356745284163328,
        "normal_count": 488,
        "anomaly_count": 524
    },
    "mvtec_leather": {
        "image_auroc": 0.31402439024390244,
        "pixel_ap": 0.21709836761925236,
        "normal_count": 32,
        "anomaly_count": 82
    },
    "mvtec_hazelnut": {
        "image_auroc": 0.4525,
        "pixel_ap": 0.1851247205351865,
        "normal_count": 40,
        "anomaly_count": 60
    },
    "mvtec_pill": {
        "image_auroc": 0.5038167938931298,
        "pixel_ap": 0.05387754226410189,
        "normal_count": 26,
        "anomaly_count": 131
    },
    "mvtec_wood": {
        "image_auroc": 0.2894736842105263,
        "pixel_ap": 0.281020090544075,
        "normal_count": 19,
        "anomaly_count": 50
    },
    "mvtec_screw": {
        "image_auroc": 0.4580443052136943,
        "pixel_ap": 0.02726822573364182,
        "normal_count": 41,
        "anomaly_count": 109
    },
    "mvtec_zipper": {
        "image_auroc": 0.44352064220183485,
        "pixel_ap": 0.18955500112895388,
        "normal_count": 32,
        "anomaly_count": 109
    },
    "mvtec_grid": {
        "image_auroc": 0.5815602836879433,
        "pixel_ap": 0.12380291163215018,
        "normal_count": 21,
        "anomaly_count": 47
    },
    "mvtec_metal_nut": {
        "image_auroc": 0.5416210295728368,
        "pixel_ap": 0.134238410488735,
        "normal_count": 22,
        "anomaly_count": 83
    },
    "mvtec_bottle": {
        "image_auroc": 0.30566037735849055,
        "pixel_ap": 0.18103542218808133,
        "normal_count": 20,
        "anomaly_count": 53
    },
    "visa_pcb4": {
        "image_auroc": 0.5735973597359737,
        "pixel_ap": 0.014145822626821954,
        "normal_count": 101,
        "anomaly_count": 90
    },
    "visa_candle": {
        "image_auroc": 0.5033333333333333,
        "pixel_ap": 0.013509885203210559,
        "normal_count": 100,
        "anomaly_count": 90
    },
    "visa_pipe_fryum": {
        "image_auroc": 0.6622222222222222,
        "pixel_ap": 0.05959196188918357,
        "normal_count": 50,
        "anomaly_count": 90
    },
    "visa_cashew": {
        "image_auroc": 0.5651111111111111,
        "pixel_ap": 0.04894746053880534,
        "normal_count": 50,
        "anomaly_count": 90
    },
    "visa_chewinggum": {
        "image_auroc": 0.4806666666666666,
        "pixel_ap": 0.03760711371957498,
        "normal_count": 50,
        "anomaly_count": 90
    },
    "visa_pcb1": {
        "image_auroc": 0.6433333333333332,
        "pixel_ap": 0.012629486264157944,
        "normal_count": 100,
        "anomaly_count": 90
    },
    "visa_macaroni2": {
        "image_auroc": 0.5978888888888889,
        "pixel_ap": 0.006099103707697331,
        "normal_count": 100,
        "anomaly_count": 90
    },
    "viaduct_10 PCB": {
        "image_auroc": 0.4897777777777778,
        "pixel_ap": 0.010148714376242386,
        "normal_count": 50,
        "anomaly_count": 45
    },
    "viaduct_43 paperclip": {
        "image_auroc": 0.4378066378066378,
        "pixel_ap": 0.0388003644674991,
        "normal_count": 110,
        "anomaly_count": 63
    },
    "viaduct_37 retractor": {
        "image_auroc": 0.5114529914529915,
        "pixel_ap": 0.01318498742702557,
        "normal_count": 180,
        "anomaly_count": 65
    },
    "viaduct_44 tack": {
        "image_auroc": 0.5457572992700729,
        "pixel_ap": 0.0681620833733067,
        "normal_count": 160,
        "anomaly_count": 137
    },
    "viaduct_39 self-tapping bolt": {
        "image_auroc": 0.4971938775510204,
        "pixel_ap": 0.044668915645174154,
        "normal_count": 140,
        "anomaly_count": 140
    },
    "viaduct_12 rotary encoder": {
        "image_auroc": 0.3557894736842105,
        "pixel_ap": 0.004497709323372204,
        "normal_count": 50,
        "anomaly_count": 19
    },
    "viaduct_06 coaxial t-adapter": {
        "image_auroc": 0.5816326530612245,
        "pixel_ap": 0.01272450137991923,
        "normal_count": 105,
        "anomaly_count": 14
    },
    "viaduct_19 strawberry": {
        "image_auroc": 0.4067301587301587,
        "pixel_ap": 0.08655924480262854,
        "normal_count": 175,
        "anomaly_count": 135
    },
    "viaduct_15 terminal block B": {
        "image_auroc": 0.5076923076923077,
        "pixel_ap": 0.004426894858739792,
        "normal_count": 65,
        "anomaly_count": 50
    },
    "viaduct_28 key": {
        "image_auroc": 0.4388888888888889,
        "pixel_ap": 0.09539344677842256,
        "normal_count": 90,
        "anomaly_count": 30
    },
    "viaduct_02 shredded corn fine": {
        "image_auroc": 0.7085440874914558,
        "pixel_ap": 0.15539817454320262,
        "normal_count": 110,
        "anomaly_count": 133
    },
    "viaduct_20 tea bag": {
        "image_auroc": 0.48920634920634926,