{
    "continual_ad_Energy-bar": {
        "image_auroc": 0.5093821150977467,
        "pixel_ap": 0.11369060882981717,
        "normal_count": 329,
        "anomaly_count": 542
    },
    "continual_ad_Apple": {
        "image_auroc": 0.40115050004065367,
        "pixel_ap": 0.04093781844073495,
        "normal_count": 490,
        "anomaly_count": 502
    },
    "continual_ad_Kleenex": {
        "image_auroc": 0.5132666987797045,
        "pixel_ap": 0.03233634399581518,
        "normal_count": 480,
        "anomaly_count": 519
    },
    "continual_ad_Ruler": {
        "image_auroc": 0.5551904516319163,
        "pixel_ap": 0.005203868476930517,
        "normal_count": 277,
        "anomaly_count": 490
    },
    "continual_ad_Toothpaste": {
        "image_auroc": 0.4846170119527932,
        "pixel_ap": 0.012882518862558761,
        "normal_count": 513,
        "anomaly_count": 516
    },
    "continual_ad_Sunglasses": {
        "image_auroc": 0.5097712908334151,
        "pixel_ap": 0.032633164368880446,
        "normal_count": 499,
        "anomaly_count": 572
    },
    "continual_ad_Capsule": {
        "image_auroc": 0.29983076683029874,
        "pixel_ap": 0.019687724294918087,
        "normal_count": 507,
        "anomaly_count": 493
    },
    "continual_ad_Flash-drive": {
        "image_auroc": 0.5713533805487828,
        "pixel_ap": 0.05209583025000116,
        "normal_count": 522,
        "anomaly_count": 495
    },
    "continual_ad_Band-aid": {
        "image_auroc": 0.6604397750507172,
        "pixel_ap": 0.03434597937412326,
        "normal_count": 511,
        "anomaly_count": 491
    },
    "continual_ad_Cucumber": {
        "image_auroc": 0.5077723748706231,
        "pixel_ap": 0.011587147877940069,
        "normal_count": 505,
        "anomaly_count": 507
    },
    "continual_ad_Toothbrush": {
        "image_auroc": 0.423143897996357,
        "pixel_ap": 0.006902209244262438,
        "normal_count": 500,
        "anomaly_count": 549
    },
    "continual_ad_Soap": {
        "image_auroc": 0.5106182960416411,
        "pixel_ap": 0.02523125851402232,
        "normal_count": 394,
        "anomaly_count": 787
    },
    "continual_ad_Dollar": {
        "image_auroc": 0.5636849353365708,
        "pixel_ap": 0.039060437717241214,
        "normal_count": 391,
        "anomaly_count": 494
    },
    "continual_ad_Pencil": {
        "image_auroc": 0.37687355772462156,
        "pixel_ap": 0.00437595725669229,
        "normal_count": 518,
        "anomaly_count": 517
    },
    "continual_ad_Fork": {
        "image_auroc": 0.41381919422314783,
        "pixel_ap": 0.02544838283121014,
        "normal_count": 537,
        "anomaly_count": 507
    },
    "continual_ad_Toy": {
        "image_auroc": 0.547062787203959,
        "pixel_ap": 0.01223755625125325,
        "normal_count": 368,
        "anomaly_count": 492
    },
    "continual_ad_Multi-pen": {
        "image_auroc": 0.5449890556597874,
        "pixel_ap": 0.011212698863435015,
        "normal_count": 494,
        "anomaly_count": 492
    },
    "continual_ad_Chopsticks": {
        "image_auroc": 0.32100175197096736,
        "pixel_ap": 0.011927344587598017,
        "normal_count": 488,
        "anomaly_count": 524
    },
    "mvtec_leather": {
        "image_auroc": 0.36852134146341464,
        "pixel_ap": 0.0825289596604908,
        "normal_count": 32,
        "anomaly_count": 82
    },
    "mvtec_hazelnut": {
        "image_auroc": 0.4600000000000001,
        "pixel_ap": 0.21268709327994528,
        "normal_count": 40,
        "anomaly_count": 60
    },
    "mvtec_pill": {
        "image_auroc": 0.49588960657662945,
        "pixel_ap": 0.05263643651431962,
        "normal_count": 26,
        "anomaly_count": 131
    },
    "mvtec_wood": {
        "image_auroc": 0.22421052631578947,
        "pixel_ap": 0.15004609346390135,
        "normal_count": 19,
        "anomaly_count": 50
    },
    "mvtec_screw": {
        "image_auroc": 0.5292011635712688,
        "pixel_ap": 0.01722184446427897,
        "normal_count": 41,
        "anomaly_count": 109
    },
    "mvtec_zipper": {
        "image_auroc": 0.2600344036697248,
        "pixel_ap": 0.04793266337749086,
        "normal_count": 32,
        "anomaly_count": 109
    },
    "mvtec_grid": {
        "image_auroc": 0.38399189463019257,
        "pixel_ap": 0.027240338183160236,
        "normal_count": 21,
        "anomaly_count": 47
    },
    "mvtec_metal_nut": {
        "image_auroc": 0.5772179627601314,
        "pixel_ap": 0.1173080945671645,
        "normal_count": 22,
        "anomaly_count": 83
    },
    "mvtec_bottle": {
        "image_auroc": 0.3377358490566038,
        "pixel_ap": 0.1184774659843839,
        "normal_count": 20,
        "anomaly_count": 53
    },
    "visa_pcb4": {
        "image_auroc": 0.614961496149615,
        "pixel_ap": 0.017530815431618735,
        "normal_count": 101,
        "anomaly_count": 90
    },
    "visa_candle": {
        "image_auroc": 0.3862222222222222,
        "pixel_ap": 0.0035855875302267214,
        "normal_count": 100,
        "anomaly_count": 90
    },
    "visa_pipe_fryum": {
        "image_auroc": 0.38133333333333336,
        "pixel_ap": 0.03313507639982509,
        "normal_count": 50,
        "anomaly_count": 90
    },
    "visa_cashew": {
        "image_auroc": 0.29533333333333334,
        "pixel_ap": 0.027073838288546377,
        "normal_count": 50,
        "anomaly_count": 90
    },
    "visa_chewinggum": {
        "image_auroc": 0.41911111111111116,
        "pixel_ap": 0.01751111357334678,
        "normal_count": 50,
        "anomaly_count": 90
    },
    "visa_pcb1": {
        "image_auroc": 0.4716666666666667,
        "pixel_ap": 0.012698690833240182,
        "normal_count": 100,
        "anomaly_count": 90
    },
    "visa_macaroni2": {
        "image_auroc": 0.5336666666666666,
        "pixel_ap": 0.0037045423181710562,
        "normal_count": 100,
        "anomaly_count": 90
    },
    "viaduct_10 PCB": {
        "image_auroc": 0.488,
        "pixel_ap": 0.004356598266319654,
        "normal_count": 50,
        "anomaly_count": 45
    },
    "viaduct_43 paperclip": {
        "image_auroc": 0.6278499278499278,
        "pixel_ap": 0.06511990850492133,
        "normal_count": 110,
        "anomaly_count": 63
    },
    "viaduct_37 retractor": {
        "image_auroc": 0.5688034188034188,
        "pixel_ap": 0.007924773340171524,
        "normal_count": 180,
        "anomaly_count": 65
    },
    "viaduct_44 tack": {
        "image_auroc": 0.6117700729927007,
        "pixel_ap": 0.07403658400636892,
        "normal_count": 160,
        "anomaly_count": 137
    },
    "viaduct_39 self-tapping bolt": {
        "image_auroc": 0.4984693877551021,
        "pixel_ap": 0.04310403849041791,
        "normal_count": 140,
        "anomaly_count": 140
    },
    "viaduct_12 rotary encoder": {
        "image_auroc": 0.3715789473684211,
        "pixel_ap": 0.005468189233364462,
        "normal_count": 50,
        "anomaly_count": 19
    },
    "viaduct_06 coaxial t-adapter": {
        "image_auroc": 0.6517006802721088,
        "pixel_ap": 0.016295606795485786,
        "normal_count": 105,
        "anomaly_count": 14
    },
    "viaduct_19 strawberry": {
        "image_auroc": 0.3734179894179894,
        "pixel_ap": 0.09576702743370297,
        "normal_count": 175,
        "anomaly_count": 135
    },
    "viaduct_15 terminal block B": {
        "image_auroc": 0.5018461538461538,
        "pixel_ap": 0.004804371476591309,
        "normal_count": 65,
        "anomaly_count": 50
    },
    "viaduct_28 key": {
        "image_auroc": 0.4477777777777778,
        "pixel_ap": 0.08782072599178375,
        "normal_count": 90,
        "anomaly_count": 30
    },
    "viaduct_02 shredded corn fine": {
        "image_auroc": 0.5719753930280246,
        "pixel_ap": 0.05000450300163679,
        "normal_count": 110,
        "anomaly_count": 133
    },