{
    "continual_ad_Energy-bar": {
        "image_auroc": 0.5089334783925347,
        "pixel_ap": 0.09171310406586151,
        "normal_count": 329,
        "anomaly_count": 542
    },
    "continual_ad_Apple": {
        "image_auroc": 0.3489917879502399,
        "pixel_ap": 0.05069803372725629,
        "normal_count": 490,
        "anomaly_count": 502
    },
    "continual_ad_Kleenex": {
        "image_auroc": 0.5523161528580605,
        "pixel_ap": 0.031119941993073826,
        "normal_count": 480,
        "anomaly_count": 519
    },
    "continual_ad_Ruler": {
        "image_auroc": 0.4989243350769911,
        "pixel_ap": 0.004885232128900526,
        "normal_count": 277,
        "anomaly_count": 490
    },
    "continual_ad_Toothpaste": {
        "image_auroc": 0.44145435725403087,
        "pixel_ap": 0.011087609887989394,
        "normal_count": 513,
        "anomaly_count": 516
    },
    "continual_ad_Sunglasses": {
        "image_auroc": 0.5133764031559623,
        "pixel_ap": 0.03342198596074806,
        "normal_count": 499,
        "anomaly_count": 572
    },
    "continual_ad_Capsule": {
        "image_auroc": 0.523922688847014,
        "pixel_ap": 0.04430223348957969,
        "normal_count": 507,
        "anomaly_count": 493
    },
    "continual_ad_Flash-drive": {
        "image_auroc": 0.545822206741747,
        "pixel_ap": 0.04919238740541218,
        "normal_count": 522,
        "anomaly_count": 495
    },
    "continual_ad_Band-aid": {
        "image_auroc": 0.7892037098297735,
        "pixel_ap": 0.052873342127678365,
        "normal_count": 511,
        "anomaly_count": 491
    },
    "continual_ad_Cucumber": {
        "image_auroc": 0.3795887281035796,
        "pixel_ap": 0.016716664040474286,
        "normal_count": 505,
        "anomaly_count": 507
    },
    "continual_ad_Toothbrush": {
        "image_auroc": 0.41629872495446263,
        "pixel_ap": 0.00724479089990174,
        "normal_count": 500,
        "anomaly_count": 549
    },
    "continual_ad_Soap": {
        "image_auroc": 0.4980343655467334,
        "pixel_ap": 0.03244589600760563,
        "normal_count": 394,
        "anomaly_count": 787
    },
    "continual_ad_Dollar": {
        "image_auroc": 0.5201911428186835,
        "pixel_ap": 0.04092728705811492,
        "normal_count": 391,
        "anomaly_count": 494
    },
    "continual_ad_Pencil": {
        "image_auroc": 0.38948716608291073,
        "pixel_ap": 0.0048692615359960814,
        "normal_count": 518,
        "anomaly_count": 517
    },
    "continual_ad_Fork": {
        "image_auroc": 0.3759765517393364,
        "pixel_ap": 0.03275488875950634,
        "normal_count": 537,
        "anomaly_count": 507
    },
    "continual_ad_Toy": {
        "image_auroc": 0.581433368681513,
        "pixel_ap": 0.012478996501436595,
        "normal_count": 368,
        "anomaly_count": 492
    },
    "continual_ad_Multi-pen": {
        "image_auroc": 0.470849379546427,
        "pixel_ap": 0.010129442439154646,
        "normal_count": 494,
        "anomaly_count": 492
    },
    "continual_ad_Chopsticks": {
        "image_auroc": 0.487223908146665,
        "pixel_ap": 0.013521257961672717,
        "normal_count": 488,
        "anomaly_count": 524
    },
    "mvtec_leather": {
        "image_auroc": 0.3296493902439024,
        "pixel_ap": 0.29622829294139646,
        "normal_count": 32,
        "anomaly_count": 82
    },
    "mvtec_hazelnut": {
        "image_auroc": 0.51875,
        "pixel_ap": 0.17735847598789795,
        "normal_count": 40,
        "anomaly_count": 60
    },
    "mvtec_pill": {
        "image_auroc": 0.504697592483852,
        "pixel_ap": 0.05468896687950701,
        "normal_count": 26,
        "anomaly_count": 131
    },
    "mvtec_wood": {
        "image_auroc": 0.3610526315789474,
        "pixel_ap": 0.29364918071141477,
        "normal_count": 19,
        "anomaly_count": 50
    },
    "mvtec_screw": {
        "image_auroc": 0.4696800179010964,
        "pixel_ap": 0.023773520525471346,
        "normal_count": 41,
        "anomaly_count": 109
    },
    "mvtec_zipper": {
        "image_auroc": 0.5280963302752294,
        "pixel_ap": 0.18884602728787062,
        "normal_count": 32,
        "anomaly_count": 109
    },
    "mvtec_grid": {
        "image_auroc": 0.5653495440729484,
        "pixel_ap": 0.1397203082354902,
        "normal_count": 21,
        "anomaly_count": 47
    },
    "mvtec_metal_nut": {
        "image_auroc": 0.5328587075575028,
        "pixel_ap": 0.13250895133349674,
        "normal_count": 22,
        "anomaly_count": 83
    },
    "mvtec_bottle": {
        "image_auroc": 0.3264150943396227,
        "pixel_ap": 0.18480090412284764,
        "normal_count": 20,
        "anomaly_count": 53
    },
    "visa_pcb4": {
        "image_auroc": 0.5986798679867986,
        "pixel_ap": 0.013946016079080073,
        "normal_count": 101,
        "anomaly_count": 90
    },
    "visa_candle": {
        "image_auroc": 0.4967777777777777,
        "pixel_ap": 0.01612946278804964,
        "normal_count": 100,
        "anomaly_count": 90
    },
    "visa_pipe_fryum": {
        "image_auroc": 0.7095555555555555,
        "pixel_ap": 0.07490534977354016,
        "normal_count": 50,
        "anomaly_count": 90
    },
    "visa_cashew": {
        "image_auroc": 0.5391111111111111,
        "pixel_ap": 0.04433905756888961,
        "normal_count": 50,
        "anomaly_count": 90
    },
    "visa_chewinggum": {
        "image_auroc": 0.5397777777777777,
        "pixel_ap": 0.03864261561561718,
        "normal_count": 50,
        "anomaly_count": 90
    },
    "visa_pcb1": {
        "image_auroc": 0.6864444444444445,
        "pixel_ap": 0.013130256586634196,
        "normal_count": 100,
        "anomaly_count": 90
    },
    "visa_macaroni2": {
        "image_auroc": 0.6251111111111112,
        "pixel_ap": 0.006311249681411153,
        "normal_count": 100,
        "anomaly_count": 90
    },
    "viaduct_10 PCB": {
        "image_auroc": 0.4933333333333333,
        "pixel_ap": 0.009084219026952106,
        "normal_count": 50,
        "anomaly_count": 45
    },
    "viaduct_43 paperclip": {
        "image_auroc": 0.4242424242424242,
        "pixel_ap": 0.03849661132928308,
        "normal_count": 110,
        "anomaly_count": 63
    },
    "viaduct_37 retractor": {
        "image_auroc": 0.5213675213675214,
        "pixel_ap": 0.014607065989869427,
        "normal_count": 180,
        "anomaly_count": 65
    },
    "viaduct_44 tack": {
        "image_auroc": 0.5244069343065694,
        "pixel_ap": 0.06608867277413238,
        "normal_count": 160,
        "anomaly_count": 137
    },
    "viaduct_39 self-tapping bolt": {
        "image_auroc": 0.5429591836734694,
        "pixel_ap": 0.044676996721685756,
        "normal_count": 140,
        "anomaly_count": 140
    },
    "viaduct_12 rotary encoder": {
        "image_auroc": 0.3463157894736842,
        "pixel_ap": 0.004595757978065782,
        "normal_count": 50,
        "anomaly_count": 19
    },
    "viaduct_06 coaxial t-adapter": {
        "image_auroc": 0.4836734693877551,
        "pixel_ap": 0.014885439762357842,
        "normal_count": 105,
        "anomaly_count": 14
    },
    "viaduct_19 strawberry": {
        "image_auroc": 0.39208465608465615,
        "pixel_ap": 0.0831662919201925,
        "normal_count": 175,
        "anomaly_count": 135
    },
    "viaduct_15 terminal block B": {
        "image_auroc": 0.46092307692307694,
        "pixel_ap": 0.004328141803515692,
        "normal_count": 65,
        "anomaly_count": 50
    },
    "viaduct_28 key": {
        "image_auroc": 0.4014814814814815,
        "pixel_ap": 0.0921468227610252,
        "normal_count": 90,
        "anomaly_count": 30
    },
    "viaduct_02 shredded corn fine": {
        "image_auroc": 0.7215994531784005,
        "pixel_ap": 0.17138625621580314,
        "normal_count": 110,
        "anomaly_count": 133
    },
    "viaduct_20 tea bag": {
        "image_auroc": 0.4862698412698413,