{
    "continual_ad_Energy-bar": {
        "image_auroc": 0.5074950369564486,
        "pixel_ap": 0.05084316376995134,
        "normal_count": 329,
        "anomaly_count": 542
    },
    "continual_ad_Apple": {
        "image_auroc": 0.5931498495812668,
        "pixel_ap": 0.02701739461381616,
        "normal_count": 490,
        "anomaly_count": 502
    },
    "continual_ad_Kleenex": {
        "image_auroc": 0.5938262684649969,
        "pixel_ap": 0.027299509560153746,
        "normal_count": 480,
        "anomaly_count": 519
    },
    "continual_ad_Ruler": {
        "image_auroc": 0.5657481765269285,
        "pixel_ap": 0.004808301827604326,
        "normal_count": 277,
        "anomaly_count": 490
    },
    "continual_ad_Toothpaste": {
        "image_auroc": 0.49487359656678304,
        "pixel_ap": 0.005278146193683535,
        "normal_count": 513,
        "anomaly_count": 516
    },
    "continual_ad_Sunglasses": {
        "image_auroc": 0.4828363019745785,
        "pixel_ap": 0.018352471137252673,
        "normal_count": 499,
        "anomaly_count": 572
    },
    "continual_ad_Capsule": {
        "image_auroc": 0.7301511096174851,
        "pixel_ap": 0.00965485523469676,
        "normal_count": 507,
        "anomaly_count": 493
    },
    "continual_ad_Flash-drive": {
        "image_auroc": 0.4721893262123147,
        "pixel_ap": 0.012231952569017763,
        "normal_count": 522,
        "anomaly_count": 495
    },
    "continual_ad_Band-aid": {
        "image_auroc": 0.6360118134244184,
        "pixel_ap": 0.011403786164724875,
        "normal_count": 511,
        "anomaly_count": 491
    },
    "continual_ad_Cucumber": {
        "image_auroc": 0.45871462885933567,
        "pixel_ap": 0.00849666754724075,
        "normal_count": 505,
        "anomaly_count": 507
    },
    "continual_ad_Toothbrush": {
        "image_auroc": 0.463735883424408,
        "pixel_ap": 0.006415694456253379,
        "normal_count": 500,
        "anomaly_count": 549
    },
    "continual_ad_Soap": {
        "image_auroc": 0.5274963073807235,
        "pixel_ap": 0.010799136535032795,
        "normal_count": 394,
        "anomaly_count": 787
    },
    "continual_ad_Dollar": {
        "image_auroc": 0.480678629487352,
        "pixel_ap": 0.01932768906956787,
        "normal_count": 391,
        "anomaly_count": 494
    },
    "continual_ad_Pencil": {
        "image_auroc": 0.6692941905707864,
        "pixel_ap": 0.003089132216446515,
        "normal_count": 518,
        "anomaly_count": 517
    },
    "continual_ad_Fork": {
        "image_auroc": 0.420386470236062,
        "pixel_ap": 0.011192740381760179,
        "normal_count": 537,
        "anomaly_count": 507
    },
    "continual_ad_Toy": {
        "image_auroc": 0.3861678154825026,
        "pixel_ap": 0.004002234991714416,
        "normal_count": 368,
        "anomaly_count": 492
    },
    "continual_ad_Multi-pen": {
        "image_auroc": 0.4877472762581877,
        "pixel_ap": 0.006785248356881707,
        "normal_count": 494,
        "anomaly_count": 492
    },
    "continual_ad_Chopsticks": {
        "image_auroc": 0.5278360030033789,
        "pixel_ap": 0.009684151345945868,
        "normal_count": 488,
        "anomaly_count": 524
    },
    "mvtec_leather": {
        "image_auroc": 0.8784298780487805,
        "pixel_ap": 0.10518214711616805,
        "normal_count": 32,
        "anomaly_count": 82
    },
    "mvtec_hazelnut": {
        "image_auroc": 0.9391666666666667,
        "pixel_ap": 0.26609812545493194,
        "normal_count": 40,
        "anomaly_count": 60
    },
    "mvtec_pill": {
        "image_auroc": 0.6435701702877274,
        "pixel_ap": 0.0861727620170297,
        "normal_count": 26,
        "anomaly_count": 131
    },
    "mvtec_wood": {
        "image_auroc": 0.9168421052631579,
        "pixel_ap": 0.1544886577332283,
        "normal_count": 19,
        "anomaly_count": 50
    },
    "mvtec_screw": {
        "image_auroc": 0.521145670172298,
        "pixel_ap": 0.04270834457247462,
        "normal_count": 41,
        "anomaly_count": 109
    },
    "mvtec_zipper": {
        "image_auroc": 0.9489678899082569,
        "pixel_ap": 0.2255111492562401,
        "normal_count": 32,
        "anomaly_count": 109
    },
    "mvtec_grid": {
        "image_auroc": 0.9584599797365755,
        "pixel_ap": 0.14686053391942136,
        "normal_count": 21,
        "anomaly_count": 47
    },
    "mvtec_metal_nut": {
        "image_auroc": 0.8652792990142386,
        "pixel_ap": 0.30376117770149214,
        "normal_count": 22,
        "anomaly_count": 83
    },
    "mvtec_bottle": {
        "image_auroc": 0.9386792452830188,
        "pixel_ap": 0.42388391079468746,
        "normal_count": 20,
        "anomaly_count": 53
    },
    "visa_pcb4": {
        "image_auroc": 0.47964796479647964,
        "pixel_ap": 0.021361177485068775,
        "normal_count": 101,
        "anomaly_count": 90
    },
    "visa_candle": {
        "image_auroc": 0.5886666666666667,
        "pixel_ap": 0.016037874201669345,
        "normal_count": 100,
        "anomaly_count": 90
    },
    "visa_pipe_fryum": {
        "image_auroc": 0.7122222222222223,
        "pixel_ap": 0.07360268019308049,
        "normal_count": 50,
        "anomaly_count": 90
    },
    "visa_cashew": {
        "image_auroc": 0.5775555555555556,
        "pixel_ap": 0.07024470739274657,
        "normal_count": 50,
        "anomaly_count": 90
    },
    "visa_chewinggum": {
        "image_auroc": 0.8108888888888889,
        "pixel_ap": 0.25501603599253947,
        "normal_count": 50,
        "anomaly_count": 90
    },
    "visa_pcb1": {
        "image_auroc": 0.5106666666666667,
        "pixel_ap": 0.011651528077848838,
        "normal_count": 100,
        "anomaly_count": 90
    },
    "visa_macaroni2": {
        "image_auroc": 0.5612222222222223,
        "pixel_ap": 0.0026472085323121022,
        "normal_count": 100,
        "anomaly_count": 90
    },
    "viaduct_10 PCB": {
        "image_auroc": 0.39999999999999997,
        "pixel_ap": 0.011067097157819391,
        "normal_count": 50,
        "anomaly_count": 45
    },
    "viaduct_43 paperclip": {
        "image_auroc": 0.6391053391053391,
        "pixel_ap": 0.011111710306735693,
        "normal_count": 110,
        "anomaly_count": 63
    },
    "viaduct_37 retractor": {
        "image_auroc": 0.627008547008547,
        "pixel_ap": 0.01077310245468791,
        "normal_count": 180,
        "anomaly_count": 65
    },
    "viaduct_44 tack": {
        "image_auroc": 0.5549270072992701,
        "pixel_ap": 0.013804538117793856,
        "normal_count": 160,
        "anomaly_count": 137
    },
    "viaduct_39 self-tapping bolt": {
        "image_auroc": 0.5756632653061224,
        "pixel_ap": 0.05750160623697948,
        "normal_count": 140,
        "anomaly_count": 140
    },
    "viaduct_12 rotary encoder": {
        "image_auroc": 0.6042105263157894,
        "pixel_ap": 0.00469906775904337,
        "normal_count": 50,
        "anomaly_count": 19
    },
    "viaduct_06 coaxial t-adapter": {
        "image_auroc": 0.5653061224489796,
        "pixel_ap": 0.010479461546301423,
        "normal_count": 105,
        "anomaly_count": 14
    },
    "viaduct_19 strawberry": {
        "image_auroc": 0.5345185185185185,
        "pixel_ap": 0.08825009409527873,
        "normal_count": 175,
        "anomaly_count": 135
    },
    "viaduct_15 terminal block B": {
        "image_auroc": 0.42369230769230776,
        "pixel_ap": 0.007855013682608762,
        "normal_count": 65,
        "anomaly_count": 50
    },
    "viaduct_28 key": {
        "image_auroc": 0.6222222222222222,
        "pixel_ap": 0.01968699739452073,
        "normal_count": 90,
        "anomaly_count": 30
    },
    "viaduct_02 shredded corn fine": {
        "image_auroc": 0.6825017088174984,
        "pixel_ap": 0.15653240239684077,
        "normal_count": 110,
        "anomaly_count": 133
    },