{
    "continual_ad_Cucumber": {
        "image_auroc": 0.4809069072587732,
        "pixel_ap": 0.013882151837861456,
        "normal_count": 505,
        "anomaly_count": 507
    },
    "continual_ad_Spoon": {
        "image_auroc": 0.6114057527921632,
        "pixel_ap": 0.005545806013118752,
        "normal_count": 527,
        "anomaly_count": 517
    },
    "continual_ad_Apple": {
        "image_auroc": 0.3684893080738271,
        "pixel_ap": 0.04595081766885568,
        "normal_count": 490,
        "anomaly_count": 502
    },
    "continual_ad_Kleenex": {
        "image_auroc": 0.6377850032113037,
        "pixel_ap": 0.030360057292660298,
        "normal_count": 480,
        "anomaly_count": 519
    },
    "continual_ad_Glasses-case": {
        "image_auroc": 0.4232809426683972,
        "pixel_ap": 0.026847920605433465,
        "normal_count": 501,
        "anomaly_count": 549
    },
    "continual_ad_Toothbrush": {
        "image_auroc": 0.3309945355191257,
        "pixel_ap": 0.006567127956264507,
        "normal_count": 500,
        "anomaly_count": 549
    },
    "continual_ad_Soap": {
        "image_auroc": 0.5002112371725824,
        "pixel_ap": 0.025938135794111035,
        "normal_count": 394,
        "anomaly_count": 787
    },
    "continual_ad_Notebook": {
        "image_auroc": 0.5420424885188488,
        "pixel_ap": 0.030973788455201583,
        "normal_count": 354,
        "anomaly_count": 513
    },
    "continual_ad_Capsule": {
        "image_auroc": 0.3638673179943269,
        "pixel_ap": 0.02589623438792694,
        "normal_count": 507,
        "anomaly_count": 493
    },
    "continual_ad_Sunglasses": {
        "image_auroc": 0.5040570651793097,
        "pixel_ap": 0.031185061382624224,
        "normal_count": 499,
        "anomaly_count": 572
    },
    "continual_ad_Pencil": {
        "image_auroc": 0.37626117413351456,
        "pixel_ap": 0.0041984301881714215,
        "normal_count": 518,
        "anomaly_count": 517
    },
    "continual_ad_Food-container": {
        "image_auroc": 0.4348906717004877,
        "pixel_ap": 0.04276889657689791,
        "normal_count": 520,
        "anomaly_count": 489
    },
    "continual_ad_Chopsticks": {
        "image_auroc": 0.5447124108371919,
        "pixel_ap": 0.013027061901053155,
        "normal_count": 488,
        "anomaly_count": 524
    },
    "continual_ad_Toy": {
        "image_auroc": 0.49100830682219865,
        "pixel_ap": 0.012317514030361605,
        "normal_count": 368,
        "anomaly_count": 492
    },
    "continual_ad_Multi-pen": {
        "image_auroc": 0.503892235278628,
        "pixel_ap": 0.009521490805121826,
        "normal_count": 494,
        "anomaly_count": 492
    },
    "viaduct_09 joystick": {
        "image_auroc": 0.42363977485928705,
        "pixel_ap": 0.011313528300492428,
        "normal_count": 65,
        "anomaly_count": 41
    },
    "viaduct_01 shredded corn medium": {
        "image_auroc": 0.6852347083926033,
        "pixel_ap": 0.09257762865429951,
        "normal_count": 185,
        "anomaly_count": 95
    },
    "viaduct_46 damper small": {
        "image_auroc": 0.4474358974358974,
        "pixel_ap": 0.07431200365052348,
        "normal_count": 65,
        "anomaly_count": 48
    },
    "viaduct_18 raspberry": {
        "image_auroc": 0.41246498599439774,
        "pixel_ap": 0.058504313888391835,
        "normal_count": 170,
        "anomaly_count": 84
    },
    "viaduct_16 vibration sensor": {
        "image_auroc": 0.55,
        "pixel_ap": 0.00538014370033579,
        "normal_count": 50,
        "anomaly_count": 20
    },
    "viaduct_36 redon needle": {
        "image_auroc": 0.5223104056437389,
        "pixel_ap": 0.007057506875158034,
        "normal_count": 180,
        "anomaly_count": 63
    },
    "viaduct_00 shredded corn rough": {
        "image_auroc": 0.6305769230769231,
        "pixel_ap": 0.0814072223200593,
        "normal_count": 80,
        "anomaly_count": 130
    },
    "viaduct_44 tack": {
        "image_auroc": 0.555565693430657,
        "pixel_ap": 0.06954963082404178,
        "normal_count": 160,
        "anomaly_count": 137
    },
    "viaduct_06 coaxial t-adapter": {
        "image_auroc": 0.517687074829932,
        "pixel_ap": 0.010094247037005646,
        "normal_count": 105,
        "anomaly_count": 14
    },
    "viaduct_31 valve handle red": {
        "image_auroc": 0.6361111111111111,
        "pixel_ap": 0.007922323513802135,
        "normal_count": 45,
        "anomaly_count": 16
    },
    "viaduct_04 battery tray": {
        "image_auroc": 0.45641025641025634,
        "pixel_ap": 0.0025872337635063276,
        "normal_count": 65,
        "anomaly_count": 30
    },
    "viaduct_29 threaded fitting": {
        "image_auroc": 0.48924731182795705,
        "pixel_ap": 0.011533388430871904,
        "normal_count": 90,
        "anomaly_count": 62
    },
    "viaduct_03 3-pole socket housing": {
        "image_auroc": 0.5386702849389416,
        "pixel_ap": 0.04051409099869251,
        "normal_count": 110,
        "anomaly_count": 134
    },
    "viaduct_33 drill": {
        "image_auroc": 0.5427133655394525,
        "pixel_ap": 0.008909018356014549,
        "normal_count": 180,
        "anomaly_count": 138
    },
    "viaduct_15 terminal block B": {
        "image_auroc": 0.4686153846153846,
        "pixel_ap": 0.0038508458489866296,
        "normal_count": 65,
        "anomaly_count": 50
    },
    "viaduct_17 cherry": {
        "image_auroc": 0.5062987012987014,
        "pixel_ap": 0.008575612349586008,
        "normal_count": 275,
        "anomaly_count": 112
    },
    "viaduct_21 cylinder screw": {
        "image_auroc": 0.5744949494949495,
        "pixel_ap": 0.004879530347568129,
        "normal_count": 180,
        "anomaly_count": 22
    },
    "viaduct_32 bone pliers": {
        "image_auroc": 0.5669669669669669,
        "pixel_ap": 0.0025979731473051134,
        "normal_count": 185,
        "anomaly_count": 63
    },
    "viaduct_42 aluminium plate": {
        "image_auroc": 0.5313333333333333,
        "pixel_ap": 0.020707397200319166,
        "normal_count": 20,
        "anomaly_count": 150
    },
    "viaduct_10 PCB": {
        "image_auroc": 0.428,
        "pixel_ap": 0.0040913190116735965,
        "normal_count": 50,
        "anomaly_count": 45
    },
    "viaduct_19 strawberry": {
        "image_auroc": 0.33959788359788357,
        "pixel_ap": 0.07623599830990496,
        "normal_count": 175,
        "anomaly_count": 135
    },
    "viaduct_37 retractor": {
        "image_auroc": 0.51991452991453,
        "pixel_ap": 0.016670125565697053,
        "normal_count": 180,
        "anomaly_count": 65
    },
    "viaduct_25 reinforcing sleeve": {
        "image_auroc": 0.27090909090909093,
        "pixel_ap": 0.01118842811892928,
        "normal_count": 50,
        "anomaly_count": 11
    },
    "viaduct_35 pink tablet": {
        "image_auroc": 0.6306666666666667,
        "pixel_ap": 0.10914044126561677,
        "normal_count": 50,
        "anomaly_count": 60
    },
    "btad_02": {
        "image_auroc": 0.7787719298245613,
        "pixel_ap": 0.16488323701456084,
        "normal_count": 30,
        "anomaly_count": 190
    },
    "mpdd_bracket_black": {
        "image_auroc": 0.3057432432432432,
        "pixel_ap": 0.004289480571079651,
        "normal_count": 32,
        "anomaly_count": 37
    },
    "mpdd_metal_plate": {
        "image_auroc": 0.4539722572509458,
        "pixel_ap": 0.16423133774005308,
        "normal_count": 26,
        "anomaly_count": 61
    },
    "mpdd_bracket_white": {
        "image_auroc": 0.3833333333333333,
        "pixel_ap": 0.001940907228493905,
        "normal_count": 30,
        "anomaly_count": 20
    },
    "real_iad_end_cap": {
        "image_auroc": 0.5114164527021121,
        "pixel_ap": 0.0033052422367040625,
        "normal_count": 2817,
        "anomaly_count": 2173
    },