{
    "continual_ad_Cucumber": {
        "image_auroc": 0.4241724764192396,
        "pixel_ap": 0.01617983032960183,
        "normal_count": 505,
        "anomaly_count": 507
    },
    "continual_ad_Spoon": {
        "image_auroc": 0.5528868563710503,
        "pixel_ap": 0.005847779803406403,
        "normal_count": 527,
        "anomaly_count": 517
    },
    "continual_ad_Apple": {
        "image_auroc": 0.36013090495162214,
        "pixel_ap": 0.049495397156140965,
        "normal_count": 490,
        "anomaly_count": 502
    },
    "continual_ad_Kleenex": {
        "image_auroc": 0.5289940590879897,
        "pixel_ap": 0.029617622811124625,
        "normal_count": 480,
        "anomaly_count": 519
    },
    "continual_ad_Glasses-case": {
        "image_auroc": 0.469538155019651,
        "pixel_ap": 0.028335903628116922,
        "normal_count": 501,
        "anomaly_count": 549
    },
    "continual_ad_Toothbrush": {
        "image_auroc": 0.393799635701275,
        "pixel_ap": 0.007769377017046712,
        "normal_count": 500,
        "anomaly_count": 549
    },
    "continual_ad_Soap": {
        "image_auroc": 0.49743290397899886,
        "pixel_ap": 0.03391368733859255,
        "normal_count": 394,
        "anomaly_count": 787
    },
    "continual_ad_Notebook": {
        "image_auroc": 0.5269104965804341,
        "pixel_ap": 0.04890873548660848,
        "normal_count": 354,
        "anomaly_count": 513
    },
    "continual_ad_Capsule": {
        "image_auroc": 0.5377774043712568,
        "pixel_ap": 0.04818385278658527,
        "normal_count": 507,
        "anomaly_count": 493
    },
    "continual_ad_Sunglasses": {
        "image_auroc": 0.546954047956052,
        "pixel_ap": 0.03565948378051136,
        "normal_count": 499,
        "anomaly_count": 572
    },
    "continual_ad_Pencil": {
        "image_auroc": 0.4252219890517762,
        "pixel_ap": 0.005249899914868853,
        "normal_count": 518,
        "anomaly_count": 517
    },
    "continual_ad_Food-container": {
        "image_auroc": 0.4027194431335535,
        "pixel_ap": 0.04533536173078969,
        "normal_count": 520,
        "anomaly_count": 489
    },
    "continual_ad_Chopsticks": {
        "image_auroc": 0.506726317106745,
        "pixel_ap": 0.01311082474597133,
        "normal_count": 488,
        "anomaly_count": 524
    },
    "continual_ad_Toy": {
        "image_auroc": 0.5597826086956521,
        "pixel_ap": 0.012152475394140896,
        "normal_count": 368,
        "anomaly_count": 492
    },
    "continual_ad_Multi-pen": {
        "image_auroc": 0.4813863928112965,
        "pixel_ap": 0.009562727810760958,
        "normal_count": 494,
        "anomaly_count": 492
    },
    "viaduct_09 joystick": {
        "image_auroc": 0.45103189493433393,
        "pixel_ap": 0.010917255529027548,
        "normal_count": 65,
        "anomaly_count": 41
    },
    "viaduct_01 shredded corn medium": {
        "image_auroc": 0.7337695590327169,
        "pixel_ap": 0.1552878736533859,
        "normal_count": 185,
        "anomaly_count": 95
    },
    "viaduct_46 damper small": {
        "image_auroc": 0.47307692307692306,
        "pixel_ap": 0.07821555193864872,
        "normal_count": 65,
        "anomaly_count": 48
    },
    "viaduct_18 raspberry": {
        "image_auroc": 0.42647058823529416,
        "pixel_ap": 0.0693055586637667,
        "normal_count": 170,
        "anomaly_count": 84
    },
    "viaduct_16 vibration sensor": {
        "image_auroc": 0.628,
        "pixel_ap": 0.0054621136785204544,
        "normal_count": 50,
        "anomaly_count": 20
    },
    "viaduct_36 redon needle": {
        "image_auroc": 0.6007936507936509,
        "pixel_ap": 0.012259848779049336,
        "normal_count": 180,
        "anomaly_count": 63
    },
    "viaduct_00 shredded corn rough": {
        "image_auroc": 0.6335576923076922,
        "pixel_ap": 0.12403099887975795,
        "normal_count": 80,
        "anomaly_count": 130
    },
    "viaduct_44 tack": {
        "image_auroc": 0.4775547445255474,
        "pixel_ap": 0.06169288455042985,
        "normal_count": 160,
        "anomaly_count": 137
    },
    "viaduct_06 coaxial t-adapter": {
        "image_auroc": 0.41428571428571426,
        "pixel_ap": 0.00964363047182999,
        "normal_count": 105,
        "anomaly_count": 14
    },
    "viaduct_31 valve handle red": {
        "image_auroc": 0.5666666666666667,
        "pixel_ap": 0.005673381272759963,
        "normal_count": 45,
        "anomaly_count": 16
    },
    "viaduct_04 battery tray": {
        "image_auroc": 0.6353846153846154,
        "pixel_ap": 0.0024721285189015325,
        "normal_count": 65,
        "anomaly_count": 30
    },
    "viaduct_29 threaded fitting": {
        "image_auroc": 0.4915770609318996,
        "pixel_ap": 0.010976572704515557,
        "normal_count": 90,
        "anomaly_count": 62
    },
    "viaduct_03 3-pole socket housing": {
        "image_auroc": 0.5510176390773405,
        "pixel_ap": 0.046137777107911254,
        "normal_count": 110,
        "anomaly_count": 134
    },
    "viaduct_33 drill": {
        "image_auroc": 0.5514895330112721,
        "pixel_ap": 0.013556977234040691,
        "normal_count": 180,
        "anomaly_count": 138
    },
    "viaduct_15 terminal block B": {
        "image_auroc": 0.5086153846153846,
        "pixel_ap": 0.004372526150595334,
        "normal_count": 65,
        "anomaly_count": 50
    },
    "viaduct_17 cherry": {
        "image_auroc": 0.4866233766233766,
        "pixel_ap": 0.008865743310960161,
        "normal_count": 275,
        "anomaly_count": 112
    },
    "viaduct_21 cylinder screw": {
        "image_auroc": 0.5497474747474748,
        "pixel_ap": 0.006080983072339344,
        "normal_count": 180,
        "anomaly_count": 22
    },
    "viaduct_32 bone pliers": {
        "image_auroc": 0.5006435006435006,
        "pixel_ap": 0.003310871377362732,
        "normal_count": 185,
        "anomaly_count": 63
    },
    "viaduct_42 aluminium plate": {
        "image_auroc": 0.5423333333333333,
        "pixel_ap": 0.02918185503219226,
        "normal_count": 20,
        "anomaly_count": 150
    },
    "viaduct_10 PCB": {
        "image_auroc": 0.46133333333333326,
        "pixel_ap": 0.008748225096925948,
        "normal_count": 50,
        "anomaly_count": 45
    },
    "viaduct_19 strawberry": {
        "image_auroc": 0.3724021164021164,
        "pixel_ap": 0.09104320050500471,
        "normal_count": 175,
        "anomaly_count": 135
    },
    "viaduct_37 retractor": {
        "image_auroc": 0.5200854700854701,
        "pixel_ap": 0.013565262342975882,
        "normal_count": 180,
        "anomaly_count": 65
    },
    "viaduct_25 reinforcing sleeve": {
        "image_auroc": 0.5563636363636364,
        "pixel_ap": 0.009958998928263026,
        "normal_count": 50,
        "anomaly_count": 11
    },
    "viaduct_35 pink tablet": {
        "image_auroc": 0.593,
        "pixel_ap": 0.14354844774617134,
        "normal_count": 50,
        "anomaly_count": 60
    },
    "btad_02": {
        "image_auroc": 0.8136842105263159,
        "pixel_ap": 0.14974932454813566,
        "normal_count": 30,
        "anomaly_count": 190
    },
    "mpdd_bracket_black": {
        "image_auroc": 0.4577702702702703,
        "pixel_ap": 0.006028247572545559,
        "normal_count": 32,
        "anomaly_count": 37
    },
    "mpdd_metal_plate": {
        "image_auroc": 0.31651954602774274,
        "pixel_ap": 0.20895125663581357,
        "normal_count": 26,
        "anomaly_count": 61
    },
    "mpdd_bracket_white": {
        "image_auroc": 0.43333333333333335,
        "pixel_ap": 0.0029985429484063715,
        "normal_count": 30,
        "anomaly_count": 20
    },
    "real_iad_end_cap": {
        "image_auroc": 0.4778322266313868,
        "pixel_ap": 0.003919635553250223,
        "normal_count": 2817,
        "anomaly_count": 2173
    },
    "real_iad_phone_battery": {
        "image_auroc": 0.49974563953488377,