{
    "continual_ad_Cucumber": {
        "image_auroc": 0.40417521042045035,
        "pixel_ap": 0.01706795531322267,
        "normal_count": 505,
        "anomaly_count": 507
    },
    "continual_ad_Spoon": {
        "image_auroc": 0.5306192858375022,
        "pixel_ap": 0.005683684655486672,
        "normal_count": 527,
        "anomaly_count": 517
    },
    "continual_ad_Apple": {
        "image_auroc": 0.34045044312545736,
        "pixel_ap": 0.05171135816523526,
        "normal_count": 490,
        "anomaly_count": 502
    },
    "continual_ad_Kleenex": {
        "image_auroc": 0.5612235067437379,
        "pixel_ap": 0.03058052941167298,
        "normal_count": 480,
        "anomaly_count": 519
    },
    "continual_ad_Glasses-case": {
        "image_auroc": 0.46303385942141223,
        "pixel_ap": 0.02796174128647378,
        "normal_count": 501,
        "anomaly_count": 549
    },
    "continual_ad_Toothbrush": {
        "image_auroc": 0.3794462659380692,
        "pixel_ap": 0.007782529569055602,
        "normal_count": 500,
        "anomaly_count": 549
    },
    "continual_ad_Soap": {
        "image_auroc": 0.48474899863905213,
        "pixel_ap": 0.033227349843609956,
        "normal_count": 394,
        "anomaly_count": 787
    },
    "continual_ad_Notebook": {
        "image_auroc": 0.5190801863415602,
        "pixel_ap": 0.04790502936128507,
        "normal_count": 354,
        "anomaly_count": 513
    },
    "continual_ad_Capsule": {
        "image_auroc": 0.5327164124168337,
        "pixel_ap": 0.04692555792090975,
        "normal_count": 507,
        "anomaly_count": 493
    },
    "continual_ad_Sunglasses": {
        "image_auroc": 0.5309535154224533,
        "pixel_ap": 0.0345462470155751,
        "normal_count": 499,
        "anomaly_count": 572
    },
    "continual_ad_Pencil": {
        "image_auroc": 0.41394143521803095,
        "pixel_ap": 0.00514096895620588,
        "normal_count": 518,
        "anomaly_count": 517
    },
    "continual_ad_Food-container": {
        "image_auroc": 0.3907660846311153,
        "pixel_ap": 0.04573427981518678,
        "normal_count": 520,
        "anomaly_count": 489
    },
    "continual_ad_Chopsticks": {
        "image_auroc": 0.48123670379176575,
        "pixel_ap": 0.013133311959856406,
        "normal_count": 488,
        "anomaly_count": 524
    },
    "continual_ad_Toy": {
        "image_auroc": 0.545444503358077,
        "pixel_ap": 0.012480915292676182,
        "normal_count": 368,
        "anomaly_count": 492
    },
    "continual_ad_Multi-pen": {
        "image_auroc": 0.46805363549586915,
        "pixel_ap": 0.00939087747993748,
        "normal_count": 494,
        "anomaly_count": 492
    },
    "viaduct_09 joystick": {
        "image_auroc": 0.46416510318949344,
        "pixel_ap": 0.010626472443535734,
        "normal_count": 65,
        "anomaly_count": 41
    },
    "viaduct_01 shredded corn medium": {
        "image_auroc": 0.7625604551920341,
        "pixel_ap": 0.15980508385991662,
        "normal_count": 185,
        "anomaly_count": 95
    },
    "viaduct_46 damper small": {
        "image_auroc": 0.45993589743589747,
        "pixel_ap": 0.08124612936634378,
        "normal_count": 65,
        "anomaly_count": 48
    },
    "viaduct_18 raspberry": {
        "image_auroc": 0.450140056022409,
        "pixel_ap": 0.07279124831054828,
        "normal_count": 170,
        "anomaly_count": 84
    },
    "viaduct_16 vibration sensor": {
        "image_auroc": 0.618,
        "pixel_ap": 0.0054545580863134685,
        "normal_count": 50,
        "anomaly_count": 20
    },
    "viaduct_36 redon needle": {
        "image_auroc": 0.6203703703703702,
        "pixel_ap": 0.014082651938221908,
        "normal_count": 180,
        "anomaly_count": 63
    },
    "viaduct_00 shredded corn rough": {
        "image_auroc": 0.6502884615384616,
        "pixel_ap": 0.12458638800314753,
        "normal_count": 80,
        "anomaly_count": 130
    },
    "viaduct_44 tack": {
        "image_auroc": 0.4762317518248175,
        "pixel_ap": 0.06344827188930072,
        "normal_count": 160,
        "anomaly_count": 137
    },
    "viaduct_06 coaxial t-adapter": {
        "image_auroc": 0.47687074829931975,
        "pixel_ap": 0.009848901622707754,
        "normal_count": 105,
        "anomaly_count": 14
    },
    "viaduct_31 valve handle red": {
        "image_auroc": 0.5472222222222223,
        "pixel_ap": 0.005733654662017983,
        "normal_count": 45,
        "anomaly_count": 16
    },
    "viaduct_04 battery tray": {
        "image_auroc": 0.6056410256410255,
        "pixel_ap": 0.0024161924403741063,
        "normal_count": 65,
        "anomaly_count": 30
    },
    "viaduct_29 threaded fitting": {
        "image_auroc": 0.49157706093189957,
        "pixel_ap": 0.01196184487929482,
        "normal_count": 90,
        "anomaly_count": 62
    },
    "viaduct_03 3-pole socket housing": {
        "image_auroc": 0.5380597014925372,
        "pixel_ap": 0.046129746534088724,
        "normal_count": 110,
        "anomaly_count": 134
    },
    "viaduct_33 drill": {
        "image_auroc": 0.58329307568438,
        "pixel_ap": 0.016956481393550393,
        "normal_count": 180,
        "anomaly_count": 138
    },
    "viaduct_15 terminal block B": {
        "image_auroc": 0.5172307692307692,
        "pixel_ap": 0.004327825406455465,
        "normal_count": 65,
        "anomaly_count": 50
    },
    "viaduct_17 cherry": {
        "image_auroc": 0.5000649350649351,
        "pixel_ap": 0.008641343655438186,
        "normal_count": 275,
        "anomaly_count": 112
    },
    "viaduct_21 cylinder screw": {
        "image_auroc": 0.5174242424242425,
        "pixel_ap": 0.005572239254294979,
        "normal_count": 180,
        "anomaly_count": 22
    },
    "viaduct_32 bone pliers": {
        "image_auroc": 0.5299013299013299,
        "pixel_ap": 0.003578840014666143,
        "normal_count": 185,
        "anomaly_count": 63
    },
    "viaduct_42 aluminium plate": {
        "image_auroc": 0.5583333333333333,
        "pixel_ap": 0.02846617593292494,
        "normal_count": 20,
        "anomaly_count": 150
    },
    "viaduct_10 PCB": {
        "image_auroc": 0.4777777777777778,
        "pixel_ap": 0.00819725505511433,
        "normal_count": 50,
        "anomaly_count": 45
    },
    "viaduct_19 strawberry": {
        "image_auroc": 0.39602116402116405,
        "pixel_ap": 0.09108848600807593,
        "normal_count": 175,
        "anomaly_count": 135
    },
    "viaduct_37 retractor": {
        "image_auroc": 0.5014529914529915,
        "pixel_ap": 0.013208022722240446,
        "normal_count": 180,
        "anomaly_count": 65
    },
    "viaduct_25 reinforcing sleeve": {
        "image_auroc": 0.5345454545454545,
        "pixel_ap": 0.0101927702544207,
        "normal_count": 50,
        "anomaly_count": 11
    },
    "viaduct_35 pink tablet": {
        "image_auroc": 0.5966666666666667,
        "pixel_ap": 0.14690827391139982,
        "normal_count": 50,
        "anomaly_count": 60
    },
    "btad_02": {
        "image_auroc": 0.8124561403508772,
        "pixel_ap": 0.1517193295771382,
        "normal_count": 30,
        "anomaly_count": 190
    },
    "mpdd_bracket_black": {
        "image_auroc": 0.45777027027027034,
        "pixel_ap": 0.005868367704538369,
        "normal_count": 32,
        "anomaly_count": 37
    },
    "mpdd_metal_plate": {
        "image_auroc": 0.3474148802017655,
        "pixel_ap": 0.2139146720577077,
        "normal_count": 26,
        "anomaly_count": 61
    },
    "mpdd_bracket_white": {
        "image_auroc": 0.42666666666666664,
        "pixel_ap": 0.002692566405880779,
        "normal_count": 30,
        "anomaly_count": 20
    },
    "real_iad_end_cap": {
        "image_auroc": 0.4679196927601321,
        "pixel_ap": 0.004245060194777558,
        "normal_count": 2817,
        "anomaly_count": 2173
    },