{
    "viaduct_46 damper small": {
        "image_auroc": 0.6182692307692308,
        "pixel_ap": 0.012163127782473278,
        "normal_count": 65,
        "anomaly_count": 48
    },
    "viaduct_36 redon needle": {
        "image_auroc": 0.5718694885361553,
        "pixel_ap": 0.002762857053887551,
        "normal_count": 180,
        "anomaly_count": 63
    },
    "viaduct_13 socket housing": {
        "image_auroc": 0.5242603550295858,
        "pixel_ap": 0.01214113228945599,
        "normal_count": 65,
        "anomaly_count": 52
    },
    "viaduct_04 battery tray": {
        "image_auroc": 0.442051282051282,
        "pixel_ap": 0.0009721708506261003,
        "normal_count": 65,
        "anomaly_count": 30
    },
    "viaduct_15 terminal block B": {
        "image_auroc": 0.5107692307692308,
        "pixel_ap": 0.006838767459904354,
        "normal_count": 65,
        "anomaly_count": 50
    },
    "viaduct_37 retractor": {
        "image_auroc": 0.5454700854700855,
        "pixel_ap": 0.003754738767046654,
        "normal_count": 180,
        "anomaly_count": 65
    },
    "viaduct_02 shredded corn fine": {
        "image_auroc": 0.6373205741626793,
        "pixel_ap": 0.08382529050424067,
        "normal_count": 110,
        "anomaly_count": 133
    },
    "viaduct_26 hose screw fitting": {
        "image_auroc": 0.48421052631578937,
        "pixel_ap": 0.0038385907900691037,
        "normal_count": 50,
        "anomaly_count": 19
    },
    "viaduct_29 threaded fitting": {
        "image_auroc": 0.4720430107526883,
        "pixel_ap": 0.006882274898884009,
        "normal_count": 90,
        "anomaly_count": 62
    },
    "viaduct_23 pipe clamp": {
        "image_auroc": 0.6126315789473684,
        "pixel_ap": 0.02352164567965994,
        "normal_count": 50,
        "anomaly_count": 19
    },
    "viaduct_18 raspberry": {
        "image_auroc": 0.6216386554621849,
        "pixel_ap": 0.063418892061463,
        "normal_count": 170,
        "anomaly_count": 84
    },
    "viaduct_33 drill": {
        "image_auroc": 0.5508454106280194,
        "pixel_ap": 0.0011858098914738885,
        "normal_count": 180,
        "anomaly_count": 138
    },
    "viaduct_09 joystick": {
        "image_auroc": 0.5279549718574109,
        "pixel_ap": 0.007195710804416734,
        "normal_count": 65,
        "anomaly_count": 41
    },
    "viaduct_03 3-pole socket housing": {
        "image_auroc": 0.562483039348711,
        "pixel_ap": 0.023631075594875175,
        "normal_count": 110,
        "anomaly_count": 134
    },
    "viaduct_34 oblong pill": {
        "image_auroc": 0.5562324929971988,
        "pixel_ap": 0.04811682738675997,
        "normal_count": 105,
        "anomaly_count": 136
    },
    "viaduct_10 PCB": {
        "image_auroc": 0.42400000000000004,
        "pixel_ap": 0.003393522072059565,
        "normal_count": 50,
        "anomaly_count": 45
    },
    "viaduct_40 surgical mask": {
        "image_auroc": 0.4826945412311266,
        "pixel_ap": 0.00019528045997291098,
        "normal_count": 105,
        "anomaly_count": 123
    },
    "viaduct_05 cable end sleeve": {
        "image_auroc": 0.5332142857142858,
        "pixel_ap": 0.004884724045104977,
        "normal_count": 210,
        "anomaly_count": 40
    },
    "viaduct_12 rotary encoder": {
        "image_auroc": 0.5136842105263157,
        "pixel_ap": 0.014001102657679097,
        "normal_count": 50,
        "anomaly_count": 19
    },
    "viaduct_42 aluminium plate": {
        "image_auroc": 0.6446666666666667,
        "pixel_ap": 0.06345938068250427,
        "normal_count": 20,
        "anomaly_count": 150
    },
    "viaduct_45 damper large": {
        "image_auroc": 0.45884615384615385,
        "pixel_ap": 0.026432427149630604,
        "normal_count": 65,
        "anomaly_count": 40
    },
    "viaduct_00 shredded corn rough": {
        "image_auroc": 0.5396153846153846,
        "pixel_ap": 0.06889506316604822,
        "normal_count": 80,
        "anomaly_count": 130
    },
    "viaduct_19 strawberry": {
        "image_auroc": 0.5876402116402116,
        "pixel_ap": 0.11003194065009125,
        "normal_count": 175,
        "anomaly_count": 135
    },
    "viaduct_14 terminal block A": {
        "image_auroc": 0.5097142857142857,
        "pixel_ap": 0.00425094098976819,
        "normal_count": 105,
        "anomaly_count": 75
    },
    "viaduct_28 key": {
        "image_auroc": 0.5011111111111111,
        "pixel_ap": 0.028310296502174363,
        "normal_count": 90,
        "anomaly_count": 30
    },
    "viaduct_21 cylinder screw": {
        "image_auroc": 0.5196969696969698,
        "pixel_ap": 0.0017155583067205902,
        "normal_count": 180,
        "anomaly_count": 22
    },
    "viaduct_22 device box": {
        "image_auroc": 0.6066666666666667,
        "pixel_ap": 0.0011454833803117423,
        "normal_count": 50,
        "anomaly_count": 36
    },
    "viaduct_07 d-sub connector": {
        "image_auroc": 0.4642857142857143,
        "pixel_ap": 7.80769500961715e-05,
        "normal_count": 140,
        "anomaly_count": 38
    },
    "viaduct_01 shredded corn medium": {
        "image_auroc": 0.6255476529160741,
        "pixel_ap": 0.03188152484547197,
        "normal_count": 185,
        "anomaly_count": 95
    },
    "viaduct_41 white tablet": {
        "image_auroc": 0.7248,
        "pixel_ap": 0.02260594400554801,
        "normal_count": 50,
        "anomaly_count": 100
    },
    "viaduct_06 coaxial t-adapter": {
        "image_auroc": 0.472108843537415,
        "pixel_ap": 0.003526662015040519,
        "normal_count": 105,
        "anomaly_count": 14
    },
    "viaduct_24 pan screw": {
        "image_auroc": 0.5020769230769231,
        "pixel_ap": 0.004652567966090676,
        "normal_count": 130,
        "anomaly_count": 100
    },
    "btad_02": {
        "image_auroc": 0.7156140350877194,
        "pixel_ap": 0.2938177906513971,
        "normal_count": 30,
        "anomaly_count": 190
    },
    "btad_03": {
        "image_auroc": 0.7771774193548386,
        "pixel_ap": 0.07326718695043812,
        "normal_count": 400,
        "anomaly_count": 31
    },
    "mpdd_connector": {
        "image_auroc": 0.6916666666666667,
        "pixel_ap": 0.004646454871126179,
        "normal_count": 30,
        "anomaly_count": 4
    },
    "mpdd_tubes": {
        "image_auroc": 0.475635593220339,
        "pixel_ap": 0.05285239545101318,
        "normal_count": 32,
        "anomaly_count": 59
    },
    "mpdd_bracket_brown": {
        "image_auroc": 0.4108818011257036,
        "pixel_ap": 0.02425848954880701,
        "normal_count": 26,
        "anomaly_count": 41
    },
    "mpdd_bracket_black": {
        "image_auroc": 0.48310810810810806,
        "pixel_ap": 0.005260706713970314,
        "normal_count": 32,
        "anomaly_count": 37
    },
    "real_iad_sim_card_set": {
        "image_auroc": 0.6053023406920448,
        "pixel_ap": 0.033991262036525444,
        "normal_count": 2951,
        "anomaly_count": 2059
    },
    "real_iad_terminalblock": {
        "image_auroc": 0.5066270921317095,
        "pixel_ap": 0.006768246840660192,
        "normal_count": 3032,
        "anomaly_count": 1998
    },
    "real_iad_switch": {
        "image_auroc": 0.49788425592527485,
        "pixel_ap": 0.007515884129019519,
        "normal_count": 3046,
        "anomaly_count": 1984
    },
    "real_iad_bottle_cap": {
        "image_auroc": 0.610586928308687,
        "pixel_ap": 0.013176840748123766,
        "normal_count": 3374,
        "anomaly_count": 1621
    },
    "real_iad_transistor1": {
        "image_auroc": 0.529490067665982,
        "pixel_ap": 0.008909364022849347,
        "normal_count": 2873,
        "anomaly_count": 2107
    },
    "real_iad_phone_battery": {
        "image_auroc": 0.536622621564482,
        "pixel_ap": 0.0067219411694593,
        "normal_count": 3440,
        "anomaly_count": 1540
    },
    "real_iad_zipper": {
        "image_auroc": 0.6675376636869528,