{
    "mvtec_toothbrush": {
        "image_auroc": 0.5083333333333333,
        "pixel_ap": 0.037369592445557945,
        "normal_count": 12,
        "anomaly_count": 20
    },
    "continual_ad_Spoon": {
        "image_auroc": 0.5528336373546111,
        "pixel_ap": 0.005841952396107633,
        "normal_count": 527,
        "anomaly_count": 517
    },
    "viaduct_11 ring cable lug": {
        "image_auroc": 0.5341836734693879,
        "pixel_ap": 0.024670068167782378,
        "normal_count": 140,
        "anomaly_count": 56
    },
    "real_iad_button_battery": {
        "image_auroc": 0.50660877649072,
        "pixel_ap": 0.017919774074813873,
        "normal_count": 2840,
        "anomaly_count": 2140
    },
    "real_iad_vcpill": {
        "image_auroc": 0.5622084935371061,
        "pixel_ap": 0.06395117650974481,
        "normal_count": 3545,
        "anomaly_count": 1460
    }
}