{
    "continual_ad_Cucumber": {
        "image_auroc": 0.5821040092174898,
        "pixel_ap": 0.010750222767332961,
        "normal_count": 505,
        "anomaly_count": 507
    },
    "continual_ad_Spoon": {
        "image_auroc": 0.4185216858316297,
        "pixel_ap": 0.00447573485041591,
        "normal_count": 527,
        "anomaly_count": 517
    },
    "continual_ad_Apple": {
        "image_auroc": 0.6102081470038214,
        "pixel_ap": 0.06707161216554822,
        "normal_count": 490,
        "anomaly_count": 502
    },
    "continual_ad_Kleenex": {
        "image_auroc": 0.5397920680796403,
        "pixel_ap": 0.03171085283791529,
        "normal_count": 480,
        "anomaly_count": 519
    },
    "continual_ad_Glasses-case": {
        "image_auroc": 0.6030016469792655,
        "pixel_ap": 0.011410919760710146,
        "normal_count": 501,
        "anomaly_count": 549
    },
    "continual_ad_Toothbrush": {
        "image_auroc": 0.497384335154827,
        "pixel_ap": 0.004722324129440785,
        "normal_count": 500,
        "anomaly_count": 549
    },
    "continual_ad_Soap": {
        "image_auroc": 0.5835305955275769,
        "pixel_ap": 0.0186714701160084,
        "normal_count": 394,
        "anomaly_count": 787
    },
    "continual_ad_Notebook": {
        "image_auroc": 0.5920970033369677,
        "pixel_ap": 0.018585543565965267,
        "normal_count": 354,
        "anomaly_count": 513
    },
    "continual_ad_Capsule": {
        "image_auroc": 0.6838020251969386,
        "pixel_ap": 0.005808621550272326,
        "normal_count": 507,
        "anomaly_count": 493
    },
    "continual_ad_Sunglasses": {
        "image_auroc": 0.5265355886598371,
        "pixel_ap": 0.023814601684620858,
        "normal_count": 499,
        "anomaly_count": 572
    },
    "continual_ad_Pencil": {
        "image_auroc": 0.6521511840660777,
        "pixel_ap": 0.0035486361573565358,
        "normal_count": 518,
        "anomaly_count": 517
    },
    "continual_ad_Food-container": {
        "image_auroc": 0.46796051596665095,
        "pixel_ap": 0.02482841359928204,
        "normal_count": 520,
        "anomaly_count": 489
    },
    "continual_ad_Chopsticks": {
        "image_auroc": 0.5554295457389564,
        "pixel_ap": 0.01129411176053668,
        "normal_count": 488,
        "anomaly_count": 524
    },
    "continual_ad_Toy": {
        "image_auroc": 0.5135096323789324,
        "pixel_ap": 0.004298010420796707,
        "normal_count": 368,
        "anomaly_count": 492
    },
    "continual_ad_Multi-pen": {
        "image_auroc": 0.5411852802738554,
        "pixel_ap": 0.005496360825487927,
        "normal_count": 494,
        "anomaly_count": 492
    },
    "viaduct_09 joystick": {
        "image_auroc": 0.5973733583489681,
        "pixel_ap": 0.006435465993951979,
        "normal_count": 65,
        "anomaly_count": 41
    },
    "viaduct_01 shredded corn medium": {
        "image_auroc": 0.7545945945945945,
        "pixel_ap": 0.09345358474545827,
        "normal_count": 185,
        "anomaly_count": 95
    },
    "viaduct_46 damper small": {
        "image_auroc": 0.6035256410256411,
        "pixel_ap": 0.04751525743906567,
        "normal_count": 65,
        "anomaly_count": 48
    },
    "viaduct_18 raspberry": {
        "image_auroc": 0.4771008403361344,
        "pixel_ap": 0.051887844236034764,
        "normal_count": 170,
        "anomaly_count": 84
    },
    "viaduct_16 vibration sensor": {
        "image_auroc": 0.61,
        "pixel_ap": 0.00220782299859942,
        "normal_count": 50,
        "anomaly_count": 20
    },
    "viaduct_36 redon needle": {
        "image_auroc": 0.47786596119929453,
        "pixel_ap": 0.00022287973856110156,
        "normal_count": 180,
        "anomaly_count": 63
    },
    "viaduct_00 shredded corn rough": {
        "image_auroc": 0.6507692307692308,
        "pixel_ap": 0.12311323594130497,
        "normal_count": 80,
        "anomaly_count": 130
    },
    "viaduct_44 tack": {
        "image_auroc": 0.6437043795620438,
        "pixel_ap": 0.01595236422556805,
        "normal_count": 160,
        "anomaly_count": 137
    },
    "viaduct_06 coaxial t-adapter": {
        "image_auroc": 0.5435374149659864,
        "pixel_ap": 0.006592439373029201,
        "normal_count": 105,
        "anomaly_count": 14
    },
    "viaduct_31 valve handle red": {
        "image_auroc": 0.576388888888889,
        "pixel_ap": 0.004136554501509776,
        "normal_count": 45,
        "anomaly_count": 16
    },
    "viaduct_04 battery tray": {
        "image_auroc": 0.4307692307692308,
        "pixel_ap": 0.0011206300556455375,
        "normal_count": 65,
        "anomaly_count": 30
    },
    "viaduct_29 threaded fitting": {
        "image_auroc": 0.4204301075268817,
        "pixel_ap": 0.004008525587112967,
        "normal_count": 90,
        "anomaly_count": 62
    },
    "viaduct_03 3-pole socket housing": {
        "image_auroc": 0.45217096336499324,
        "pixel_ap": 0.03210594294085732,
        "normal_count": 110,
        "anomaly_count": 134
    },
    "viaduct_33 drill": {
        "image_auroc": 0.43107890499194845,
        "pixel_ap": 0.0005121376851322521,
        "normal_count": 180,
        "anomaly_count": 138
    },
    "viaduct_15 terminal block B": {
        "image_auroc": 0.41292307692307695,
        "pixel_ap": 0.008791937999418527,
        "normal_count": 65,
        "anomaly_count": 50
    },
    "viaduct_17 cherry": {
        "image_auroc": 0.5470454545454546,
        "pixel_ap": 0.005950085387887978,
        "normal_count": 275,
        "anomaly_count": 112
    },
    "viaduct_21 cylinder screw": {
        "image_auroc": 0.49292929292929294,
        "pixel_ap": 0.004410186334608965,
        "normal_count": 180,
        "anomaly_count": 22
    },
    "viaduct_32 bone pliers": {
        "image_auroc": 0.6072072072072071,
        "pixel_ap": 0.0027470256344859006,
        "normal_count": 185,
        "anomaly_count": 63
    },
    "viaduct_42 aluminium plate": {
        "image_auroc": 0.8666666666666667,
        "pixel_ap": 0.058430532229324685,
        "normal_count": 20,
        "anomaly_count": 150
    },
    "viaduct_10 PCB": {
        "image_auroc": 0.4542222222222222,
        "pixel_ap": 0.006035662171979446,
        "normal_count": 50,
        "anomaly_count": 45
    },
    "viaduct_19 strawberry": {
        "image_auroc": 0.5608042328042329,
        "pixel_ap": 0.12976403440211168,
        "normal_count": 175,
        "anomaly_count": 135
    },
    "viaduct_37 retractor": {
        "image_auroc": 0.5383333333333333,
        "pixel_ap": 0.005213853578955133,
        "normal_count": 180,
        "anomaly_count": 65
    },
    "viaduct_25 reinforcing sleeve": {
        "image_auroc": 0.6418181818181818,
        "pixel_ap": 0.0013995131849416143,
        "normal_count": 50,
        "anomaly_count": 11
    },
    "viaduct_35 pink tablet": {
        "image_auroc": 0.4633333333333333,
        "pixel_ap": 0.048228827079074145,
        "normal_count": 50,
        "anomaly_count": 60
    },
    "btad_02": {
        "image_auroc": 0.7756140350877192,
        "pixel_ap": 0.26844588182261475,
        "normal_count": 30,
        "anomaly_count": 190
    },
    "mpdd_bracket_black": {
        "image_auroc": 0.5523648648648649,
        "pixel_ap": 0.006222458710070976,
        "normal_count": 32,
        "anomaly_count": 37
    },
    "mpdd_metal_plate": {
        "image_auroc": 0.5542244640605297,
        "pixel_ap": 0.39925946461917444,
        "normal_count": 26,
        "anomaly_count": 61
    },
    "mpdd_bracket_white": {
        "image_auroc": 0.4666666666666667,
        "pixel_ap": 0.0011901838010543546,
        "normal_count": 30,
        "anomaly_count": 20
    },
    "real_iad_end_cap": {
        "image_auroc": 0.527658727066504,
        "pixel_ap": 0.0027454269699734284,
        "normal_count": 2817,
        "anomaly_count": 2173
    },