{
    "continual_ad_Cup": {
        "image_auroc": 0.4454410692202809,
        "pixel_ap": 0.02124760774248136,
        "normal_count": 517,
        "anomaly_count": 488
    },
    "mvtec_tile": {
        "image_auroc": 0.5393120393120393,
        "pixel_ap": 0.2634566271252478,
        "normal_count": 33,
        "anomaly_count": 74
    },
    "viaduct_32 bone pliers": {
        "image_auroc": 0.549034749034749,
        "pixel_ap": 0.0037137985044378816,
        "normal_count": 185,
        "anomaly_count": 63
    },
    "visa_macaroni1": {
        "image_auroc": 0.6712222222222222,
        "pixel_ap": 0.008240768530027266,
        "normal_count": 100,
        "anomaly_count": 90
    },
    "viaduct_17 cherry": {
        "image_auroc": 0.5201298701298701,
        "pixel_ap": 0.007894632474121895,
        "normal_count": 275,
        "anomaly_count": 112
    }
}