{
    "continual_ad_Cup": {
        "image_auroc": 0.46152138757649747,
        "pixel_ap": 0.01937348305508382,
        "normal_count": 517,
        "anomaly_count": 488
    },
    "mvtec_tile": {
        "image_auroc": 0.6134316134316135,
        "pixel_ap": 0.2699405511015167,
        "normal_count": 33,
        "anomaly_count": 74
    },
    "viaduct_32 bone pliers": {
        "image_auroc": 0.5848133848133849,
        "pixel_ap": 0.0031666638752740946,
        "normal_count": 185,
        "anomaly_count": 63
    },
    "visa_macaroni1": {
        "image_auroc": 0.6723333333333333,
        "pixel_ap": 0.00956274202467905,
        "normal_count": 100,
        "anomaly_count": 90
    },
    "viaduct_17 cherry": {
        "image_auroc": 0.5231493506493506,
        "pixel_ap": 0.007609245956347136,
        "normal_count": 275,
        "anomaly_count": 112
    }
}