{
    "continual_ad_Cup": {
        "image_auroc": 0.43319751403113804,
        "pixel_ap": 0.02055401999064521,
        "normal_count": 517,
        "anomaly_count": 488
    },
    "mvtec_tile": {
        "image_auroc": 0.585995085995086,
        "pixel_ap": 0.27317788445265767,
        "normal_count": 33,
        "anomaly_count": 74
    },
    "viaduct_32 bone pliers": {
        "image_auroc": 0.5493779493779494,
        "pixel_ap": 0.003664311595694594,
        "normal_count": 185,
        "anomaly_count": 63
    },
    "visa_macaroni1": {
        "image_auroc": 0.6695555555555555,
        "pixel_ap": 0.010911634079252979,
        "normal_count": 100,
        "anomaly_count": 90
    },
    "viaduct_17 cherry": {
        "image_auroc": 0.5289285714285714,
        "pixel_ap": 0.008345394736222877,
        "normal_count": 275,
        "anomaly_count": 112
    }
}