{
    "continual_ad_Cup": {
        "image_auroc": 0.4464795319783112,
        "pixel_ap": 0.020991132045126627,
        "normal_count": 517,
        "anomaly_count": 488
    },
    "mvtec_tile": {
        "image_auroc": 0.5462735462735462,
        "pixel_ap": 0.2545332379496973,
        "normal_count": 33,
        "anomaly_count": 74
    },
    "viaduct_32 bone pliers": {
        "image_auroc": 0.5522951522951522,
        "pixel_ap": 0.004088173689604415,
        "normal_count": 185,
        "anomaly_count": 63
    },
    "visa_macaroni1": {
        "image_auroc": 0.67,
        "pixel_ap": 0.010924563949693968,
        "normal_count": 100,
        "anomaly_count": 90
    },
    "viaduct_17 cherry": {
        "image_auroc": 0.5317207792207792,
        "pixel_ap": 0.008128414706633136,
        "normal_count": 275,
        "anomaly_count": 112
    }
}