{
    "continual_ad_Energy-bar": {
        "image_auroc": 0.5111654460009645,
        "pixel_ap": 0.08538736325925195,
        "normal_count": 329,
        "anomaly_count": 542
    },
    "continual_ad_Dollar": {
        "image_auroc": 0.49065771353427834,
        "pixel_ap": 0.03702660675986983,
        "normal_count": 391,
        "anomaly_count": 494
    },
    "viaduct_39 self-tapping bolt": {
        "image_auroc": 0.5021938775510204,
        "pixel_ap": 0.04281306994580108,
        "normal_count": 140,
        "anomaly_count": 140
    },
    "continual_ad_Candy": {
        "image_auroc": 0.38136422847669055,
        "pixel_ap": 0.024676058785940872,
        "normal_count": 517,
        "anomaly_count": 490
    },
    "viaduct_38 round pill": {
        "image_auroc": 0.49,
        "pixel_ap": 0.17455519530261657,
        "normal_count": 50,
        "anomaly_count": 82
    }
}