{
    "continual_ad_Energy-bar": {
        "image_auroc": 0.5167958366513756,
        "pixel_ap": 0.08960776401134947,
        "normal_count": 329,
        "anomaly_count": 542
    },
    "continual_ad_Dollar": {
        "image_auroc": 0.4960135435973368,
        "pixel_ap": 0.0376754128625703,
        "normal_count": 391,
        "anomaly_count": 494
    },
    "viaduct_39 self-tapping bolt": {
        "image_auroc": 0.5410714285714286,
        "pixel_ap": 0.04973366617819775,
        "normal_count": 140,
        "anomaly_count": 140
    },
    "continual_ad_Candy": {
        "image_auroc": 0.3658666561402123,
        "pixel_ap": 0.025441451931780608,
        "normal_count": 517,
        "anomaly_count": 490
    },
    "viaduct_38 round pill": {
        "image_auroc": 0.48609756097560974,
        "pixel_ap": 0.18730448244327275,
        "normal_count": 50,
        "anomaly_count": 82
    }
}