{
    "continual_ad_Energy-bar": {
        "image_auroc": 0.4832770668132213,
        "pixel_ap": 0.09265525932312577,
        "normal_count": 329,
        "anomaly_count": 542
    },
    "continual_ad_Apple": {
        "image_auroc": 0.3484836165541914,
        "pixel_ap": 0.05692513592350475,
        "normal_count": 490,
        "anomaly_count": 502
    },
    "continual_ad_Kleenex": {
        "image_auroc": 0.5741289338471419,
        "pixel_ap": 0.03331732375835586,
        "normal_count": 480,
        "anomaly_count": 519
    },
    "continual_ad_Ruler": {
        "image_auroc": 0.4896338318720991,
        "pixel_ap": 0.005076069522365298,
        "normal_count": 277,
        "anomaly_count": 490
    },
    "continual_ad_Toothpaste": {
        "image_auroc": 0.4537981473925986,
        "pixel_ap": 0.011738292363068798,
        "normal_count": 513,
        "anomaly_count": 516
    },
    "continual_ad_Sunglasses": {
        "image_auroc": 0.5265355886598371,
        "pixel_ap": 0.03365335136561368,
        "normal_count": 499,
        "anomaly_count": 572
    },
    "continual_ad_Capsule": {
        "image_auroc": 0.47139239290901014,
        "pixel_ap": 0.041012585101911254,
        "normal_count": 507,
        "anomaly_count": 493
    },
    "continual_ad_Flash-drive": {
        "image_auroc": 0.5440806532760556,
        "pixel_ap": 0.051438568653618545,
        "normal_count": 522,
        "anomaly_count": 495
    },
    "continual_ad_Band-aid": {
        "image_auroc": 0.7823902654831986,
        "pixel_ap": 0.05889199321943074,
        "normal_count": 511,
        "anomaly_count": 491
    },
    "continual_ad_Cucumber": {
        "image_auroc": 0.40112094049641656,
        "pixel_ap": 0.0181479408288955,
        "normal_count": 505,
        "anomaly_count": 507
    },
    "continual_ad_Toothbrush": {
        "image_auroc": 0.43410200364298723,
        "pixel_ap": 0.00739670043899224,
        "normal_count": 500,
        "anomaly_count": 549
    },
    "continual_ad_Soap": {
        "image_auroc": 0.5304229903443649,
        "pixel_ap": 0.03466503341922378,
        "normal_count": 394,
        "anomaly_count": 787
    },
    "continual_ad_Dollar": {
        "image_auroc": 0.511288919722087,
        "pixel_ap": 0.04215327314933472,
        "normal_count": 391,
        "anomaly_count": 494
    },
    "continual_ad_Pencil": {
        "image_auroc": 0.40635011911607655,
        "pixel_ap": 0.005394614909012703,
        "normal_count": 518,
        "anomaly_count": 517
    },
    "continual_ad_Fork": {
        "image_auroc": 0.3830580439948726,
        "pixel_ap": 0.029823792869156256,
        "normal_count": 537,
        "anomaly_count": 507
    },
    "continual_ad_Toy": {
        "image_auroc": 0.5300735683987274,
        "pixel_ap": 0.014380848564657865,
        "normal_count": 368,
        "anomaly_count": 492
    },
    "continual_ad_Multi-pen": {
        "image_auroc": 0.49458748889108317,
        "pixel_ap": 0.00993068456939775,
        "normal_count": 494,
        "anomaly_count": 492
    },
    "continual_ad_Chopsticks": {
        "image_auroc": 0.45652530972343885,
        "pixel_ap": 0.013560701207736149,
        "normal_count": 488,
        "anomaly_count": 524
    },
    "mvtec_leather": {
        "image_auroc": 0.3113567073170732,
        "pixel_ap": 0.2475992425790788,
        "normal_count": 32,
        "anomaly_count": 82
    },
    "mvtec_hazelnut": {
        "image_auroc": 0.5391666666666667,
        "pixel_ap": 0.19741889495200787,
        "normal_count": 40,
        "anomaly_count": 60
    },
    "mvtec_pill": {
        "image_auroc": 0.5044039929536113,
        "pixel_ap": 0.05832040237139155,
        "normal_count": 26,
        "anomaly_count": 131
    },
    "mvtec_wood": {
        "image_auroc": 0.30210526315789477,
        "pixel_ap": 0.28420311735635606,
        "normal_count": 19,
        "anomaly_count": 50
    },
    "mvtec_screw": {
        "image_auroc": 0.46744238084582684,
        "pixel_ap": 0.02444292506804334,
        "normal_count": 41,
        "anomaly_count": 109
    },
    "mvtec_zipper": {
        "image_auroc": 0.4303325688073395,
        "pixel_ap": 0.1902741533479642,
        "normal_count": 32,
        "anomaly_count": 109
    },
    "mvtec_grid": {
        "image_auroc": 0.5339412360688957,
        "pixel_ap": 0.13002722595567262,
        "normal_count": 21,
        "anomaly_count": 47
    },
    "mvtec_metal_nut": {
        "image_auroc": 0.5240963855421686,
        "pixel_ap": 0.13641827499237422,
        "normal_count": 22,
        "anomaly_count": 83
    },
    "mvtec_bottle": {
        "image_auroc": 0.2905660377358491,
        "pixel_ap": 0.21368827435384916,
        "normal_count": 20,
        "anomaly_count": 53
    },
    "visa_pcb4": {
        "image_auroc": 0.585808580858086,
        "pixel_ap": 0.014565723229498563,
        "normal_count": 101,
        "anomaly_count": 90
    },
    "visa_candle": {
        "image_auroc": 0.4701111111111111,
        "pixel_ap": 0.013663864507778012,
        "normal_count": 100,
        "anomaly_count": 90
    },
    "visa_pipe_fryum": {
        "image_auroc": 0.6655555555555557,
        "pixel_ap": 0.06448749796955058,
        "normal_count": 50,
        "anomaly_count": 90
    },
    "visa_cashew": {
        "image_auroc": 0.5202222222222221,
        "pixel_ap": 0.04709369098639919,
        "normal_count": 50,
        "anomaly_count": 90
    },
    "visa_chewinggum": {
        "image_auroc": 0.5155555555555555,
        "pixel_ap": 0.04645734616581338,
        "normal_count": 50,
        "anomaly_count": 90
    },
    "visa_pcb1": {
        "image_auroc": 0.6952222222222222,
        "pixel_ap": 0.01329931120367369,
        "normal_count": 100,
        "anomaly_count": 90
    },
    "visa_macaroni2": {
        "image_auroc": 0.6013333333333334,
        "pixel_ap": 0.0072441705895116715,
        "normal_count": 100,
        "anomaly_count": 90
    },
    "viaduct_10 PCB": {
        "image_auroc": 0.4795555555555556,
        "pixel_ap": 0.010805476618273751,
        "normal_count": 50,
        "anomaly_count": 45
    },
    "viaduct_43 paperclip": {
        "image_auroc": 0.4308802308802309,
        "pixel_ap": 0.03980070602113091,
        "normal_count": 110,
        "anomaly_count": 63
    },
    "viaduct_37 retractor": {
        "image_auroc": 0.5122222222222222,
        "pixel_ap": 0.013663914073746116,
        "normal_count": 180,
        "anomaly_count": 65
    },
    "viaduct_44 tack": {
        "image_auroc": 0.5268704379562044,
        "pixel_ap": 0.0675078614182826,
        "normal_count": 160,
        "anomaly_count": 137
    },
    "viaduct_39 self-tapping bolt": {
        "image_auroc": 0.5234693877551021,
        "pixel_ap": 0.043499802669018095,
        "normal_count": 140,
        "anomaly_count": 140
    },
    "viaduct_12 rotary encoder": {
        "image_auroc": 0.33894736842105266,
        "pixel_ap": 0.004332635402817836,
        "normal_count": 50,
        "anomaly_count": 19
    },
    "viaduct_06 coaxial t-adapter": {
        "image_auroc": 0.5129251700680272,
        "pixel_ap": 0.014106989148410442,
        "normal_count": 105,
        "anomaly_count": 14
    },
    "viaduct_19 strawberry": {
        "image_auroc": 0.4068148148148148,
        "pixel_ap": 0.08841439883837786,
        "normal_count": 175,
        "anomaly_count": 135
    },
    "viaduct_15 terminal block B": {
        "image_auroc": 0.49723076923076925,
        "pixel_ap": 0.004713045687135092,
        "normal_count": 65,
        "anomaly_count": 50
    },
    "viaduct_28 key": {
        "image_auroc": 0.45222222222222225,
        "pixel_ap": 0.10357260858904598,
        "normal_count": 90,
        "anomaly_count": 30
    },
    "viaduct_02 shredded corn fine": {
        "image_auroc": 0.7349965823650033,
        "pixel_ap": 0.16948660760797718,
        "normal_count": 110,
        "anomaly_count": 133
    },