{
    "continual_ad_Energy-bar": {
        "image_auroc": 0.48671474556690847,
        "pixel_ap": 0.09024910380428533,
        "normal_count": 329,
        "anomaly_count": 542
    },
    "continual_ad_Apple": {
        "image_auroc": 0.3447312789657695,
        "pixel_ap": 0.0534747689602109,
        "normal_count": 490,
        "anomaly_count": 502
    },
    "continual_ad_Kleenex": {
        "image_auroc": 0.5710581245985871,
        "pixel_ap": 0.03256269965347601,
        "normal_count": 480,
        "anomaly_count": 519
    },
    "continual_ad_Ruler": {
        "image_auroc": 0.49380387534075004,
        "pixel_ap": 0.0046279924769384384,
        "normal_count": 277,
        "anomaly_count": 490
    },
    "continual_ad_Toothpaste": {
        "image_auroc": 0.45532813515269654,
        "pixel_ap": 0.011020581561467287,
        "normal_count": 513,
        "anomaly_count": 516
    },
    "continual_ad_Sunglasses": {
        "image_auroc": 0.5301862466191124,
        "pixel_ap": 0.03454855022844943,
        "normal_count": 499,
        "anomaly_count": 572
    },
    "continual_ad_Capsule": {
        "image_auroc": 0.529493780781033,
        "pixel_ap": 0.04716941979730165,
        "normal_count": 507,
        "anomaly_count": 493
    },
    "continual_ad_Flash-drive": {
        "image_auroc": 0.549390456287008,
        "pixel_ap": 0.05050932913835178,
        "normal_count": 522,
        "anomaly_count": 495
    },
    "continual_ad_Band-aid": {
        "image_auroc": 0.7849071944711261,
        "pixel_ap": 0.04989385881491893,
        "normal_count": 511,
        "anomaly_count": 491
    },
    "continual_ad_Cucumber": {
        "image_auroc": 0.4099205186790868,
        "pixel_ap": 0.01882621572870095,
        "normal_count": 505,
        "anomaly_count": 507
    },
    "continual_ad_Toothbrush": {
        "image_auroc": 0.41071402550091074,
        "pixel_ap": 0.007384215589137518,
        "normal_count": 500,
        "anomaly_count": 549
    },
    "continual_ad_Soap": {
        "image_auroc": 0.47865214558917435,
        "pixel_ap": 0.0336008867369185,
        "normal_count": 394,
        "anomaly_count": 787
    },
    "continual_ad_Dollar": {
        "image_auroc": 0.513600546714021,
        "pixel_ap": 0.03854648446387007,
        "normal_count": 391,
        "anomaly_count": 494
    },
    "continual_ad_Pencil": {
        "image_auroc": 0.42453119048863724,
        "pixel_ap": 0.005553978411549189,
        "normal_count": 518,
        "anomaly_count": 517
    },
    "continual_ad_Fork": {
        "image_auroc": 0.397900528540838,
        "pixel_ap": 0.03432707729921824,
        "normal_count": 537,
        "anomaly_count": 507
    },
    "continual_ad_Toy": {
        "image_auroc": 0.5636322463768115,
        "pixel_ap": 0.013222121553667854,
        "normal_count": 368,
        "anomaly_count": 492
    },
    "continual_ad_Multi-pen": {
        "image_auroc": 0.47013758599124444,
        "pixel_ap": 0.010002395893550012,
        "normal_count": 494,
        "anomaly_count": 492
    },
    "continual_ad_Chopsticks": {
        "image_auroc": 0.4428047960205231,
        "pixel_ap": 0.013230175168105478,
        "normal_count": 488,
        "anomaly_count": 524
    },
    "mvtec_leather": {
        "image_auroc": 0.3010670731707317,
        "pixel_ap": 0.2772775592638872,
        "normal_count": 32,
        "anomaly_count": 82
    },
    "mvtec_hazelnut": {
        "image_auroc": 0.5029166666666667,
        "pixel_ap": 0.19079283964446797,
        "normal_count": 40,
        "anomaly_count": 60
    },
    "mvtec_pill": {
        "image_auroc": 0.5099823840281856,
        "pixel_ap": 0.05641222363798523,
        "normal_count": 26,
        "anomaly_count": 131
    },
    "mvtec_wood": {
        "image_auroc": 0.2968421052631579,
        "pixel_ap": 0.3033191274997964,
        "normal_count": 19,
        "anomaly_count": 50
    },
    "mvtec_screw": {
        "image_auroc": 0.4683374356679346,
        "pixel_ap": 0.02652406991407999,
        "normal_count": 41,
        "anomaly_count": 109
    },
    "mvtec_zipper": {
        "image_auroc": 0.5100344036697249,
        "pixel_ap": 0.19494135994256034,
        "normal_count": 32,
        "anomaly_count": 109
    },
    "mvtec_grid": {
        "image_auroc": 0.5197568389057751,
        "pixel_ap": 0.1472019105563396,
        "normal_count": 21,
        "anomaly_count": 47
    },
    "mvtec_metal_nut": {
        "image_auroc": 0.49342825848849947,
        "pixel_ap": 0.13568032429390878,
        "normal_count": 22,
        "anomaly_count": 83
    },
    "mvtec_bottle": {
        "image_auroc": 0.29622641509433967,
        "pixel_ap": 0.2072177543824761,
        "normal_count": 20,
        "anomaly_count": 53
    },
    "visa_pcb4": {
        "image_auroc": 0.5852585258525853,
        "pixel_ap": 0.013843749357760253,
        "normal_count": 101,
        "anomaly_count": 90
    },
    "visa_candle": {
        "image_auroc": 0.48477777777777775,
        "pixel_ap": 0.015500027289094918,
        "normal_count": 100,
        "anomaly_count": 90
    },
    "visa_pipe_fryum": {
        "image_auroc": 0.739111111111111,
        "pixel_ap": 0.07119395500684708,
        "normal_count": 50,
        "anomaly_count": 90
    },
    "visa_cashew": {
        "image_auroc": 0.56,
        "pixel_ap": 0.050291636941002596,
        "normal_count": 50,
        "anomaly_count": 90
    },
    "visa_chewinggum": {
        "image_auroc": 0.5275555555555556,
        "pixel_ap": 0.04073361029104288,
        "normal_count": 50,
        "anomaly_count": 90
    },
    "visa_pcb1": {
        "image_auroc": 0.6997777777777778,
        "pixel_ap": 0.013012360843206613,
        "normal_count": 100,
        "anomaly_count": 90
    },
    "visa_macaroni2": {
        "image_auroc": 0.6215555555555555,
        "pixel_ap": 0.005835119725497872,
        "normal_count": 100,
        "anomaly_count": 90
    },
    "viaduct_10 PCB": {
        "image_auroc": 0.5097777777777777,
        "pixel_ap": 0.009277398852938672,
        "normal_count": 50,
        "anomaly_count": 45
    },
    "viaduct_43 paperclip": {
        "image_auroc": 0.38427128427128426,
        "pixel_ap": 0.039179735131170755,
        "normal_count": 110,
        "anomaly_count": 63
    },
    "viaduct_37 retractor": {
        "image_auroc": 0.5221367521367521,
        "pixel_ap": 0.012220251385709887,
        "normal_count": 180,
        "anomaly_count": 65
    },
    "viaduct_44 tack": {
        "image_auroc": 0.526140510948905,
        "pixel_ap": 0.06276669200822269,
        "normal_count": 160,
        "anomaly_count": 137
    },
    "viaduct_39 self-tapping bolt": {
        "image_auroc": 0.5601530612244898,
        "pixel_ap": 0.04758344441085367,
        "normal_count": 140,
        "anomaly_count": 140
    },
    "viaduct_12 rotary encoder": {
        "image_auroc": 0.33263157894736844,
        "pixel_ap": 0.0045882922800500785,
        "normal_count": 50,
        "anomaly_count": 19
    },
    "viaduct_06 coaxial t-adapter": {
        "image_auroc": 0.46870748299319726,
        "pixel_ap": 0.013210319854936044,
        "normal_count": 105,
        "anomaly_count": 14
    },
    "viaduct_19 strawberry": {
        "image_auroc": 0.4059682539682539,
        "pixel_ap": 0.08784749435966885,
        "normal_count": 175,
        "anomaly_count": 135
    },
    "viaduct_15 terminal block B": {
        "image_auroc": 0.4704615384615385,
        "pixel_ap": 0.004469198603177003,
        "normal_count": 65,
        "anomaly_count": 50
    },
    "viaduct_28 key": {
        "image_auroc": 0.3907407407407408,
        "pixel_ap": 0.09148625306154673,
        "normal_count": 90,
        "anomaly_count": 30
    },
    "viaduct_02 shredded corn fine": {
        "image_auroc": 0.6982911825017089,
        "pixel_ap": 0.1588677749777447,
        "normal_count": 110,
        "anomaly_count": 133
    },
    "viaduct_20 tea bag": {
        "image_auroc": 0.48317460317460326,