{
    "continual_ad_Energy-bar": {
        "image_auroc": 0.4731547011518747,
        "pixel_ap": 0.0932973235691558,
        "normal_count": 329,
        "anomaly_count": 542
    },
    "continual_ad_Apple": {
        "image_auroc": 0.3606024880071551,
        "pixel_ap": 0.05388109250048664,
        "normal_count": 490,
        "anomaly_count": 502
    },
    "continual_ad_Kleenex": {
        "image_auroc": 0.5962668593448941,
        "pixel_ap": 0.03312641958389064,
        "normal_count": 480,
        "anomaly_count": 519
    },
    "continual_ad_Ruler": {
        "image_auroc": 0.5255507257054446,
        "pixel_ap": 0.005510355937304025,
        "normal_count": 277,
        "anomaly_count": 490
    },
    "continual_ad_Toothpaste": {
        "image_auroc": 0.4681271438717379,
        "pixel_ap": 0.011576223698168879,
        "normal_count": 513,
        "anomaly_count": 516
    },
    "continual_ad_Sunglasses": {
        "image_auroc": 0.5113215942374258,
        "pixel_ap": 0.03279864927653801,
        "normal_count": 499,
        "anomaly_count": 572
    },
    "continual_ad_Capsule": {
        "image_auroc": 0.45218062740297094,
        "pixel_ap": 0.040654876519931035,
        "normal_count": 507,
        "anomaly_count": 493
    },
    "continual_ad_Flash-drive": {
        "image_auroc": 0.5453190912961028,
        "pixel_ap": 0.04741967051639375,
        "normal_count": 522,
        "anomaly_count": 495
    },
    "continual_ad_Band-aid": {
        "image_auroc": 0.7806266216555534,
        "pixel_ap": 0.05538823762285679,
        "normal_count": 511,
        "anomaly_count": 491
    },
    "continual_ad_Cucumber": {
        "image_auroc": 0.38894682367645045,
        "pixel_ap": 0.01544801885713342,
        "normal_count": 505,
        "anomaly_count": 507
    },
    "continual_ad_Toothbrush": {
        "image_auroc": 0.41023315118397086,
        "pixel_ap": 0.007303117879938936,
        "normal_count": 500,
        "anomaly_count": 549
    },
    "continual_ad_Soap": {
        "image_auroc": 0.503740994201459,
        "pixel_ap": 0.031949880910045365,
        "normal_count": 394,
        "anomaly_count": 787
    },
    "continual_ad_Dollar": {
        "image_auroc": 0.47757747703904657,
        "pixel_ap": 0.041634588953230224,
        "normal_count": 391,
        "anomaly_count": 494
    },
    "continual_ad_Pencil": {
        "image_auroc": 0.3951965228560973,
        "pixel_ap": 0.005356525705001492,
        "normal_count": 518,
        "anomaly_count": 517
    },
    "continual_ad_Fork": {
        "image_auroc": 0.3929805809908947,
        "pixel_ap": 0.02957984713276726,
        "normal_count": 537,
        "anomaly_count": 507
    },
    "continual_ad_Toy": {
        "image_auroc": 0.4938416843407564,
        "pixel_ap": 0.013501411584827604,
        "normal_count": 368,
        "anomaly_count": 492
    },
    "continual_ad_Multi-pen": {
        "image_auroc": 0.5045875711793555,
        "pixel_ap": 0.009979597175323767,
        "normal_count": 494,
        "anomaly_count": 492
    },
    "continual_ad_Chopsticks": {
        "image_auroc": 0.46582092353898136,
        "pixel_ap": 0.013478795471765429,
        "normal_count": 488,
        "anomaly_count": 524
    },
    "mvtec_leather": {
        "image_auroc": 0.3288871951219512,
        "pixel_ap": 0.2373040802248192,
        "normal_count": 32,
        "anomaly_count": 82
    },
    "mvtec_hazelnut": {
        "image_auroc": 0.47125000000000006,
        "pixel_ap": 0.19026164975783197,
        "normal_count": 40,
        "anomaly_count": 60
    },
    "mvtec_pill": {
        "image_auroc": 0.4958896065766295,
        "pixel_ap": 0.053608691028060734,
        "normal_count": 26,
        "anomaly_count": 131
    },
    "mvtec_wood": {
        "image_auroc": 0.31052631578947376,
        "pixel_ap": 0.2824510749648369,
        "normal_count": 19,
        "anomaly_count": 50
    },
    "mvtec_screw": {
        "image_auroc": 0.4904900425151041,
        "pixel_ap": 0.02311130665328499,
        "normal_count": 41,
        "anomaly_count": 109
    },
    "mvtec_zipper": {
        "image_auroc": 0.38302752293577985,
        "pixel_ap": 0.19426263667744997,
        "normal_count": 32,
        "anomaly_count": 109
    },
    "mvtec_grid": {
        "image_auroc": 0.6200607902735562,
        "pixel_ap": 0.1136191695284584,
        "normal_count": 21,
        "anomaly_count": 47
    },
    "mvtec_metal_nut": {
        "image_auroc": 0.5629791894852136,
        "pixel_ap": 0.12896306897691423,
        "normal_count": 22,
        "anomaly_count": 83
    },
    "mvtec_bottle": {
        "image_auroc": 0.2858490566037736,
        "pixel_ap": 0.1849584361281685,
        "normal_count": 20,
        "anomaly_count": 53
    },
    "visa_pcb4": {
        "image_auroc": 0.6013201320132012,
        "pixel_ap": 0.014911142518242151,
        "normal_count": 101,
        "anomaly_count": 90
    },
    "visa_candle": {
        "image_auroc": 0.5012222222222222,
        "pixel_ap": 0.012788923517914903,
        "normal_count": 100,
        "anomaly_count": 90
    },
    "visa_pipe_fryum": {
        "image_auroc": 0.6893333333333332,
        "pixel_ap": 0.0593470258805822,
        "normal_count": 50,
        "anomaly_count": 90
    },
    "visa_cashew": {
        "image_auroc": 0.5326666666666666,
        "pixel_ap": 0.0467938953497036,
        "normal_count": 50,
        "anomaly_count": 90
    },
    "visa_chewinggum": {
        "image_auroc": 0.48688888888888887,
        "pixel_ap": 0.04091611077727383,
        "normal_count": 50,
        "anomaly_count": 90
    },
    "visa_pcb1": {
        "image_auroc": 0.6821111111111111,
        "pixel_ap": 0.013553015050011467,
        "normal_count": 100,
        "anomaly_count": 90
    },
    "visa_macaroni2": {
        "image_auroc": 0.6014444444444444,
        "pixel_ap": 0.008207959911203589,
        "normal_count": 100,
        "anomaly_count": 90
    },
    "viaduct_10 PCB": {
        "image_auroc": 0.4831111111111111,
        "pixel_ap": 0.010340521776645267,
        "normal_count": 50,
        "anomaly_count": 45
    },
    "viaduct_43 paperclip": {
        "image_auroc": 0.4800865800865801,
        "pixel_ap": 0.04014583331808429,
        "normal_count": 110,
        "anomaly_count": 63
    },
    "viaduct_37 retractor": {
        "image_auroc": 0.47478632478632476,
        "pixel_ap": 0.014573265556534251,
        "normal_count": 180,
        "anomaly_count": 65
    },
    "viaduct_44 tack": {
        "image_auroc": 0.5449361313868613,
        "pixel_ap": 0.06687381410838644,
        "normal_count": 160,
        "anomaly_count": 137
    },
    "viaduct_39 self-tapping bolt": {
        "image_auroc": 0.49094387755102037,
        "pixel_ap": 0.04002540310160378,
        "normal_count": 140,
        "anomaly_count": 140
    },
    "viaduct_12 rotary encoder": {
        "image_auroc": 0.3494736842105263,
        "pixel_ap": 0.004399905734110993,
        "normal_count": 50,
        "anomaly_count": 19
    },
    "viaduct_06 coaxial t-adapter": {
        "image_auroc": 0.6272108843537414,
        "pixel_ap": 0.013343211907236434,
        "normal_count": 105,
        "anomaly_count": 14
    },
    "viaduct_19 strawberry": {
        "image_auroc": 0.415111111111111,
        "pixel_ap": 0.08029727693680552,
        "normal_count": 175,
        "anomaly_count": 135
    },
    "viaduct_15 terminal block B": {
        "image_auroc": 0.5227692307692308,
        "pixel_ap": 0.004410794619687559,
        "normal_count": 65,
        "anomaly_count": 50
    },
    "viaduct_28 key": {
        "image_auroc": 0.4707407407407407,
        "pixel_ap": 0.09987919919390413,
        "normal_count": 90,
        "anomaly_count": 30
    },
    "viaduct_02 shredded corn fine": {
        "image_auroc": 0.7172248803827751,
        "pixel_ap": 0.15713824881918786,
        "normal_count": 110,
        "anomaly_count": 133
    },