{
    "continual_ad_Energy-bar": {
        "image_auroc": 0.48970378761538375,
        "pixel_ap": 0.08899020706573467,
        "normal_count": 329,
        "anomaly_count": 542
    },
    "continual_ad_Apple": {
        "image_auroc": 0.3599926823318969,
        "pixel_ap": 0.05511730455982392,
        "normal_count": 490,
        "anomaly_count": 502
    },
    "continual_ad_Kleenex": {
        "image_auroc": 0.5797346660244058,
        "pixel_ap": 0.03190298821601826,
        "normal_count": 480,
        "anomaly_count": 519
    },
    "continual_ad_Ruler": {
        "image_auroc": 0.499764237825094,
        "pixel_ap": 0.004874733106584475,
        "normal_count": 277,
        "anomaly_count": 490
    },
    "continual_ad_Toothpaste": {
        "image_auroc": 0.4520414947791529,
        "pixel_ap": 0.010946142829425663,
        "normal_count": 513,
        "anomaly_count": 516
    },
    "continual_ad_Sunglasses": {
        "image_auroc": 0.5147007301315919,
        "pixel_ap": 0.034366872644320715,
        "normal_count": 499,
        "anomaly_count": 572
    },
    "continual_ad_Capsule": {
        "image_auroc": 0.509991958423851,
        "pixel_ap": 0.046933954885917006,
        "normal_count": 507,
        "anomaly_count": 493
    },
    "continual_ad_Flash-drive": {
        "image_auroc": 0.5544100003870118,
        "pixel_ap": 0.04922472003307179,
        "normal_count": 522,
        "anomaly_count": 495
    },
    "continual_ad_Band-aid": {
        "image_auroc": 0.7968202597837394,
        "pixel_ap": 0.058153760114766036,
        "normal_count": 511,
        "anomaly_count": 491
    },
    "continual_ad_Cucumber": {
        "image_auroc": 0.3965668756224735,
        "pixel_ap": 0.018048208314455583,
        "normal_count": 505,
        "anomaly_count": 507
    },
    "continual_ad_Toothbrush": {
        "image_auroc": 0.3983315118397086,
        "pixel_ap": 0.007121621037267283,
        "normal_count": 500,
        "anomaly_count": 549
    },
    "continual_ad_Soap": {
        "image_auroc": 0.49964525054986164,
        "pixel_ap": 0.03245999188702383,
        "normal_count": 394,
        "anomaly_count": 787
    },
    "continual_ad_Dollar": {
        "image_auroc": 0.49581163216915003,
        "pixel_ap": 0.03964654211579491,
        "normal_count": 391,
        "anomaly_count": 494
    },
    "continual_ad_Pencil": {
        "image_auroc": 0.40918986131752083,
        "pixel_ap": 0.0053757206753585135,
        "normal_count": 518,
        "anomaly_count": 517
    },
    "continual_ad_Fork": {
        "image_auroc": 0.3891111037651648,
        "pixel_ap": 0.031450765982879436,
        "normal_count": 537,
        "anomaly_count": 507
    },
    "continual_ad_Toy": {
        "image_auroc": 0.5517132820784729,
        "pixel_ap": 0.013378457165163232,
        "normal_count": 368,
        "anomaly_count": 492
    },
    "continual_ad_Multi-pen": {
        "image_auroc": 0.4899484875415556,
        "pixel_ap": 0.010152373001557533,
        "normal_count": 494,
        "anomaly_count": 492
    },
    "continual_ad_Chopsticks": {
        "image_auroc": 0.47436960330371675,
        "pixel_ap": 0.013353397403579288,
        "normal_count": 488,
        "anomaly_count": 524
    },
    "mvtec_leather": {
        "image_auroc": 0.29535060975609756,
        "pixel_ap": 0.26239429054254504,
        "normal_count": 32,
        "anomaly_count": 82
    },
    "mvtec_hazelnut": {
        "image_auroc": 0.5329166666666667,
        "pixel_ap": 0.19236941951957795,
        "normal_count": 40,
        "anomaly_count": 60
    },
    "mvtec_pill": {
        "image_auroc": 0.4997064004697593,
        "pixel_ap": 0.05659361622736798,
        "normal_count": 26,
        "anomaly_count": 131
    },
    "mvtec_wood": {
        "image_auroc": 0.3136842105263158,
        "pixel_ap": 0.28866294939126763,
        "normal_count": 19,
        "anomaly_count": 50
    },
    "mvtec_screw": {
        "image_auroc": 0.4707988364287313,
        "pixel_ap": 0.02748874489855819,
        "normal_count": 41,
        "anomaly_count": 109
    },
    "mvtec_zipper": {
        "image_auroc": 0.48480504587155965,
        "pixel_ap": 0.18399736924281107,
        "normal_count": 32,
        "anomaly_count": 109
    },
    "mvtec_grid": {
        "image_auroc": 0.5278622087132725,
        "pixel_ap": 0.13734104982791087,
        "normal_count": 21,
        "anomaly_count": 47
    },
    "mvtec_metal_nut": {
        "image_auroc": 0.531763417305586,
        "pixel_ap": 0.13645885601099667,
        "normal_count": 22,
        "anomaly_count": 83
    },
    "mvtec_bottle": {
        "image_auroc": 0.310377358490566,
        "pixel_ap": 0.20354330446261254,
        "normal_count": 20,
        "anomaly_count": 53
    },
    "visa_pcb4": {
        "image_auroc": 0.6066006600660065,
        "pixel_ap": 0.013903727023877648,
        "normal_count": 101,
        "anomaly_count": 90
    },
    "visa_candle": {
        "image_auroc": 0.48777777777777775,
        "pixel_ap": 0.014783251352076799,
        "normal_count": 100,
        "anomaly_count": 90
    },
    "visa_pipe_fryum": {
        "image_auroc": 0.6937777777777777,
        "pixel_ap": 0.06687507155567222,
        "normal_count": 50,
        "anomaly_count": 90
    },
    "visa_cashew": {
        "image_auroc": 0.5691111111111111,
        "pixel_ap": 0.04806799565596613,
        "normal_count": 50,
        "anomaly_count": 90
    },
    "visa_chewinggum": {
        "image_auroc": 0.5337777777777778,
        "pixel_ap": 0.04313681072841225,
        "normal_count": 50,
        "anomaly_count": 90
    },
    "visa_pcb1": {
        "image_auroc": 0.7035555555555556,
        "pixel_ap": 0.01249187789003304,
        "normal_count": 100,
        "anomaly_count": 90
    },
    "visa_macaroni2": {
        "image_auroc": 0.6277777777777779,
        "pixel_ap": 0.00600087919794142,
        "normal_count": 100,
        "anomaly_count": 90
    },
    "viaduct_10 PCB": {
        "image_auroc": 0.5,
        "pixel_ap": 0.009398160183283637,
        "normal_count": 50,
        "anomaly_count": 45
    },
    "viaduct_43 paperclip": {
        "image_auroc": 0.39350649350649347,
        "pixel_ap": 0.03883405242810731,
        "normal_count": 110,
        "anomaly_count": 63
    },
    "viaduct_37 retractor": {
        "image_auroc": 0.5296581196581197,
        "pixel_ap": 0.013958115970814759,
        "normal_count": 180,
        "anomaly_count": 65
    },
    "viaduct_44 tack": {
        "image_auroc": 0.5114051094890512,
        "pixel_ap": 0.06366732584406068,
        "normal_count": 160,
        "anomaly_count": 137
    },
    "viaduct_39 self-tapping bolt": {
        "image_auroc": 0.5370918367346939,
        "pixel_ap": 0.04450105346284017,
        "normal_count": 140,
        "anomaly_count": 140
    },
    "viaduct_12 rotary encoder": {
        "image_auroc": 0.3252631578947368,
        "pixel_ap": 0.004566885629187456,
        "normal_count": 50,
        "anomaly_count": 19
    },
    "viaduct_06 coaxial t-adapter": {
        "image_auroc": 0.4891156462585034,
        "pixel_ap": 0.013637185866186858,
        "normal_count": 105,
        "anomaly_count": 14
    },
    "viaduct_19 strawberry": {
        "image_auroc": 0.42285714285714276,
        "pixel_ap": 0.08696691927365628,
        "normal_count": 175,
        "anomaly_count": 135
    },
    "viaduct_15 terminal block B": {
        "image_auroc": 0.48276923076923073,
        "pixel_ap": 0.004520687894692065,
        "normal_count": 65,
        "anomaly_count": 50
    },
    "viaduct_28 key": {
        "image_auroc": 0.38592592592592595,
        "pixel_ap": 0.09382746553322513,
        "normal_count": 90,
        "anomaly_count": 30
    },
    "viaduct_02 shredded corn fine": {
        "image_auroc": 0.7263157894736841,
        "pixel_ap": 0.17667491296446872,
        "normal_count": 110,
        "anomaly_count": 133
    },