{
    "continual_ad_Energy-bar": {
        "image_auroc": 0.5093456633654483,
        "pixel_ap": 0.08697110921136998,
        "normal_count": 329,
        "anomaly_count": 542
    },
    "continual_ad_Apple": {
        "image_auroc": 0.36407024961378975,
        "pixel_ap": 0.05154920188728176,
        "normal_count": 490,
        "anomaly_count": 502
    },
    "continual_ad_Kleenex": {
        "image_auroc": 0.5542911046885035,
        "pixel_ap": 0.0316143446713735,
        "normal_count": 480,
        "anomaly_count": 519
    },
    "continual_ad_Ruler": {
        "image_auroc": 0.5008988432918293,
        "pixel_ap": 0.00455351737787312,
        "normal_count": 277,
        "anomaly_count": 490
    },
    "continual_ad_Toothpaste": {
        "image_auroc": 0.4610552004472853,
        "pixel_ap": 0.010371331382504895,
        "normal_count": 513,
        "anomaly_count": 516
    },
    "continual_ad_Sunglasses": {
        "image_auroc": 0.5235663634962232,
        "pixel_ap": 0.03326245307399437,
        "normal_count": 499,
        "anomaly_count": 572
    },
    "continual_ad_Capsule": {
        "image_auroc": 0.5444847190049249,
        "pixel_ap": 0.043321569479015075,
        "normal_count": 507,
        "anomaly_count": 493
    },
    "continual_ad_Flash-drive": {
        "image_auroc": 0.5493865861681954,
        "pixel_ap": 0.04857630480476486,
        "normal_count": 522,
        "anomaly_count": 495
    },
    "continual_ad_Band-aid": {
        "image_auroc": 0.7858796895986864,
        "pixel_ap": 0.05218086523951799,
        "normal_count": 511,
        "anomaly_count": 491
    },
    "continual_ad_Cucumber": {
        "image_auroc": 0.422176655535376,
        "pixel_ap": 0.017321325481804675,
        "normal_count": 505,
        "anomaly_count": 507
    },
    "continual_ad_Toothbrush": {
        "image_auroc": 0.4180437158469945,
        "pixel_ap": 0.00737199992693707,
        "normal_count": 500,
        "anomaly_count": 549
    },
    "continual_ad_Soap": {
        "image_auroc": 0.46145969723746927,
        "pixel_ap": 0.03192286277864277,
        "normal_count": 394,
        "anomaly_count": 787
    },
    "continual_ad_Dollar": {
        "image_auroc": 0.5299243091005105,
        "pixel_ap": 0.04104402902480458,
        "normal_count": 391,
        "anomaly_count": 494
    },
    "continual_ad_Pencil": {
        "image_auroc": 0.4241167113507539,
        "pixel_ap": 0.005225579782383882,
        "normal_count": 518,
        "anomaly_count": 517
    },
    "continual_ad_Fork": {
        "image_auroc": 0.3942826499766766,
        "pixel_ap": 0.033506682941952526,
        "normal_count": 537,
        "anomaly_count": 507
    },
    "continual_ad_Toy": {
        "image_auroc": 0.5781802315305761,
        "pixel_ap": 0.013137756920996127,
        "normal_count": 368,
        "anomaly_count": 492
    },
    "continual_ad_Multi-pen": {
        "image_auroc": 0.47302178993449856,
        "pixel_ap": 0.009923209022938015,
        "normal_count": 494,
        "anomaly_count": 492
    },
    "continual_ad_Chopsticks": {
        "image_auroc": 0.47762326367163055,
        "pixel_ap": 0.01319578928419862,
        "normal_count": 488,
        "anomaly_count": 524
    },
    "mvtec_leather": {
        "image_auroc": 0.3174542682926829,
        "pixel_ap": 0.28174986728058693,
        "normal_count": 32,
        "anomaly_count": 82
    },
    "mvtec_hazelnut": {
        "image_auroc": 0.5466666666666666,
        "pixel_ap": 0.18797467884284672,
        "normal_count": 40,
        "anomaly_count": 60
    },
    "mvtec_pill": {
        "image_auroc": 0.5290663534938345,
        "pixel_ap": 0.05821673097733279,
        "normal_count": 26,
        "anomaly_count": 131
    },
    "mvtec_wood": {
        "image_auroc": 0.3042105263157895,
        "pixel_ap": 0.2903489069960575,
        "normal_count": 19,
        "anomaly_count": 50
    },
    "mvtec_screw": {
        "image_auroc": 0.4716938912508391,
        "pixel_ap": 0.025689675883016093,
        "normal_count": 41,
        "anomaly_count": 109
    },
    "mvtec_zipper": {
        "image_auroc": 0.5194954128440367,
        "pixel_ap": 0.18949876922941408,
        "normal_count": 32,
        "anomaly_count": 109
    },
    "mvtec_grid": {
        "image_auroc": 0.5369807497467072,
        "pixel_ap": 0.12090689092116946,
        "normal_count": 21,
        "anomaly_count": 47
    },
    "mvtec_metal_nut": {
        "image_auroc": 0.5180722891566265,
        "pixel_ap": 0.13689009781676031,
        "normal_count": 22,
        "anomaly_count": 83
    },
    "mvtec_bottle": {
        "image_auroc": 0.3141509433962264,
        "pixel_ap": 0.2224093216368334,
        "normal_count": 20,
        "anomaly_count": 53
    },
    "visa_pcb4": {
        "image_auroc": 0.5975797579757975,
        "pixel_ap": 0.014348189100834075,
        "normal_count": 101,
        "anomaly_count": 90
    },
    "visa_candle": {
        "image_auroc": 0.4765555555555555,
        "pixel_ap": 0.01868084020488463,
        "normal_count": 100,
        "anomaly_count": 90
    },
    "visa_pipe_fryum": {
        "image_auroc": 0.6946666666666665,
        "pixel_ap": 0.07118989960270716,
        "normal_count": 50,
        "anomaly_count": 90
    },
    "visa_cashew": {
        "image_auroc": 0.5508888888888889,
        "pixel_ap": 0.0486956923966367,
        "normal_count": 50,
        "anomaly_count": 90
    },
    "visa_chewinggum": {
        "image_auroc": 0.5608888888888889,
        "pixel_ap": 0.0394887954609888,
        "normal_count": 50,
        "anomaly_count": 90
    },
    "visa_pcb1": {
        "image_auroc": 0.6544444444444445,
        "pixel_ap": 0.013335326910542141,
        "normal_count": 100,
        "anomaly_count": 90
    },
    "visa_macaroni2": {
        "image_auroc": 0.6096666666666667,
        "pixel_ap": 0.005033514836521607,
        "normal_count": 100,
        "anomaly_count": 90
    },
    "viaduct_10 PCB": {
        "image_auroc": 0.5106666666666666,
        "pixel_ap": 0.009130196485902287,
        "normal_count": 50,
        "anomaly_count": 45
    },
    "viaduct_43 paperclip": {
        "image_auroc": 0.413997113997114,
        "pixel_ap": 0.04018045723295171,
        "normal_count": 110,
        "anomaly_count": 63
    },
    "viaduct_37 retractor": {
        "image_auroc": 0.5264102564102564,
        "pixel_ap": 0.014604668760972125,
        "normal_count": 180,
        "anomaly_count": 65
    },
    "viaduct_44 tack": {
        "image_auroc": 0.5026459854014599,
        "pixel_ap": 0.06366182005947535,
        "normal_count": 160,
        "anomaly_count": 137
    },
    "viaduct_39 self-tapping bolt": {
        "image_auroc": 0.5462244897959184,
        "pixel_ap": 0.043940036046691014,
        "normal_count": 140,
        "anomaly_count": 140
    },
    "viaduct_12 rotary encoder": {
        "image_auroc": 0.3231578947368421,
        "pixel_ap": 0.004450212751585607,
        "normal_count": 50,
        "anomaly_count": 19
    },
    "viaduct_06 coaxial t-adapter": {
        "image_auroc": 0.46938775510204084,
        "pixel_ap": 0.014439752507379316,
        "normal_count": 105,
        "anomaly_count": 14
    },
    "viaduct_19 strawberry": {
        "image_auroc": 0.39881481481481484,
        "pixel_ap": 0.08431206663676383,
        "normal_count": 175,
        "anomaly_count": 135
    },
    "viaduct_15 terminal block B": {
        "image_auroc": 0.45815384615384613,
        "pixel_ap": 0.00437450782828339,
        "normal_count": 65,
        "anomaly_count": 50
    },
    "viaduct_28 key": {
        "image_auroc": 0.3951851851851852,
        "pixel_ap": 0.09561802642396001,
        "normal_count": 90,
        "anomaly_count": 30
    },
    "viaduct_02 shredded corn fine": {
        "image_auroc": 0.6859876965140124,
        "pixel_ap": 0.16444016093861885,
        "normal_count": 110,
        "anomaly_count": 133
    },